"","abs_temp","economics2","energy1","bio12_vari"
"1",62,NA,NA,53831.0589301341
"2",62,293,84,53831.0589301341
"3",62,NA,NA,53831.0589301341
"4",62,394,233,53831.0589301341
"5",62,398,293,53831.0589301341
"6",62,NA,NA,53831.0589301341
"7",62,NA,NA,53831.0589301341
"8",62,715,1338,53831.0589301341
"9",62,584,1672,53831.0589301341
"10",62,454,420,53831.0589301341
"11",62,611,1443,53831.0589301341
"12",62,659,1481,53831.0589301341
"13",62,651,1505,53831.0589301341
"14",62,708,1409,53831.0589301341
"15",62,566,577,53831.0589301341
"16",12,3353,847,30196.328034766
"17",12,3877,2078,30196.328034766
"18",12,3786,1420,30196.328034766
"19",12,NA,NA,30196.328034766
"20",12,4081,938,30196.328034766
"21",12,3822,1042,30196.328034766
"22",12,4529,2006,30196.328034766
"23",12,NA,NA,30196.328034766
"24",12,NA,NA,30196.328034766
"25",12,4087,1481,30196.328034766
"26",12,3904,1672,30196.328034766
"27",12,4054,1959,30196.328034766
"28",12,NA,NA,30196.328034766
"29",12,2828,971,30196.328034766
"30",12,4066,2030,30196.328034766
"31",44,5274,143499,20195.8393380495
"32",44,5325,135569,20195.8393380495
"33",44,4350,172110,20195.8393380495
"34",44,5401,141588,20195.8393380495
"35",44,3771,174114,20195.8393380495
"36",44,3397,195678,20195.8393380495
"37",44,3846,185756,20195.8393380495
"38",44,4787,183604,20195.8393380495
"39",44,NA,NA,20195.8393380495
"40",44,NA,NA,20195.8393380495
"41",44,NA,NA,20195.8393380495
"42",44,5466,140919,20195.8393380495
"43",44,NA,NA,20195.8393380495
"44",44,3917,150067,20195.8393380495
"45",44,4160,140513,20195.8393380495
"46",84,2441,72758,112913.486899431
"47",84,3989,92947,112913.486899431
"48",84,4221,90408,112913.486899431
"49",84,3413,87510,112913.486899431
"50",84,4596,97909,112913.486899431
"51",84,5668,97139,112913.486899431
"52",84,NA,NA,112913.486899431
"53",84,NA,NA,112913.486899431
"54",84,NA,NA,112913.486899431
"55",84,NA,NA,112913.486899431
"56",84,5413,93198,112913.486899431
"57",84,5159,91406,112913.486899431
"58",84,4133,98811,112913.486899431
"59",84,3711,97951,112913.486899431
"60",84,5540,96255,112913.486899431
"61",11,10292,84035,133857.575173577
"62",11,5496,87190,133857.575173577
"63",11,8438,84428,133857.575173577
"64",11,9506,82164,133857.575173577
"65",11,11508,78934,133857.575173577
"66",11,14760,71200,133857.575173577
"67",11,NA,NA,133857.575173577
"68",11,NA,NA,133857.575173577
"69",11,NA,NA,133857.575173577
"70",11,NA,NA,133857.575173577
"71",11,13193,73206,133857.575173577
"72",11,14603,74042,133857.575173577
"73",11,14725,75475,133857.575173577
"74",11,13759,77577,133857.575173577
"75",11,12449,75977,133857.575173577
"76",103,3079,379,9972.53783282156
"77",103,3422,1314,9972.53783282156
"78",103,3354,1242,9972.53783282156
"79",103,3917,366,9972.53783282156
"80",103,NA,NA,9972.53783282156
"81",103,2126,384,9972.53783282156
"82",103,NA,NA,9972.53783282156
"83",103,3995,1194,9972.53783282156
"84",103,3618,1099,9972.53783282156
"85",103,2914,388,9972.53783282156
"86",103,3125,434,9972.53783282156
"87",103,3615,1051,9972.53783282156
"88",103,NA,NA,9972.53783282156
"89",103,NA,NA,9972.53783282156
"90",103,3504,1242,9972.53783282156
"91",59,NA,NA,114821.183233537
"92",59,68459,314918,114821.183233537
"93",59,52238,380673,114821.183233537
"94",59,54069,389844,114821.183233537
"95",59,NA,NA,114821.183233537
"96",59,NA,NA,114821.183233537
"97",59,NA,NA,114821.183233537
"98",59,48776,297889,114821.183233537
"99",59,45878,310236,114821.183233537
"100",59,39096,279634,114821.183233537
"101",59,65600,343174,114821.183233537
"102",59,46432,297799,114821.183233537
"103",59,67407,301017,114821.183233537
"104",59,62093,365004,114821.183233537
"105",59,57593,309315,114821.183233537
"106",74,NA,NA,68831.6469752345
"107",74,48154,12874,68831.6469752345
"108",74,44024,11942,68831.6469752345
"109",74,NA,NA,68831.6469752345
"110",74,NA,NA,68831.6469752345
"111",74,50884,11536,68831.6469752345
"112",74,50420,12109,68831.6469752345
"113",74,51261,6415,68831.6469752345
"114",74,51184,12109,68831.6469752345
"115",74,44857,12348,68831.6469752345
"116",74,NA,NA,68831.6469752345
"117",74,46495,6588,68831.6469752345
"118",74,46377,6659,68831.6469752345
"119",74,39258,6340,68831.6469752345
"120",74,47490,6882,68831.6469752345
"121",12,5519,59043,29674.2662672581
"122",12,7485,58708,29674.2662672581
"123",12,NA,NA,29674.2662672581
"124",12,7917,59114,29674.2662672581
"125",12,NA,NA,29674.2662672581
"126",12,7167,60309,29674.2662672581
"127",12,NA,NA,29674.2662672581
"128",12,5503,60519,29674.2662672581
"129",12,3892,57968,29674.2662672581
"130",12,4929,66460,29674.2662672581
"131",12,5817,67370,29674.2662672581
"132",12,3768,53402,29674.2662672581
"133",12,7814,59377,29674.2662672581
"134",12,NA,NA,29674.2662672581
"135",12,2421,39213,29674.2662672581
"136",136,NA,NA,1.25117603959222
"137",136,NA,NA,1.25117603959222
"138",136,23038,18295,1.25117603959222
"139",136,22689,22857,1.25117603959222
"140",136,22579,22452,1.25117603959222
"141",136,NA,NA,1.25117603959222
"142",136,19460,16992,1.25117603959222
"143",136,NA,NA,1.25117603959222
"144",136,19251,18345,1.25117603959222
"145",136,20546,18560,1.25117603959222
"146",136,22467,20612,1.25117603959222
"147",136,24695,21974,1.25117603959222
"148",136,24983,22953,1.25117603959222
"149",136,21049,17762,1.25117603959222
"150",136,23339,19824,1.25117603959222
"151",119,NA,NA,307690.569128115
"152",119,618,16198,307690.569128115
"153",119,469,14091,307690.569128115
"154",119,NA,NA,307690.569128115
"155",119,NA,NA,307690.569128115
"156",119,1206,36042,307690.569128115
"157",119,1355,38144,307690.569128115
"158",119,980,33677,307690.569128115
"159",119,1086,34346,307690.569128115
"160",119,809,31217,307690.569128115
"161",119,538,15049,307690.569128115
"162",119,685,17665,307690.569128115
"163",119,833,32173,307690.569128115
"164",119,758,18967,307690.569128115
"165",119,NA,NA,307690.569128115
"166",195,15574,48,5217.994725694
"167",195,15704,72,5217.994725694
"168",195,14917,72,5217.994725694
"169",195,14854,72,5217.994725694
"170",195,16336,70,5217.994725694
"171",195,16358,66,5217.994725694
"172",195,15503,72,5217.994725694
"173",195,15812,60,5217.994725694
"174",195,16461,56,5217.994725694
"175",195,NA,NA,5217.994725694
"176",195,15265,77,5217.994725694
"177",195,NA,NA,5217.994725694
"178",195,NA,NA,5217.994725694
"179",195,NA,NA,5217.994725694
"180",195,15975,72,5217.994725694
"181",98,6321,4299,539.159676932814
"182",98,5818,2487,539.159676932814
"183",98,6358,2494,539.159676932814
"184",98,NA,NA,539.159676932814
"185",98,5166,2454,539.159676932814
"186",98,6764,4132,539.159676932814
"187",98,4723,2537,539.159676932814
"188",98,5001,3965,539.159676932814
"189",98,NA,NA,539.159676932814
"190",98,NA,NA,539.159676932814
"191",98,3842,2487,539.159676932814
"192",98,NA,NA,539.159676932814
"193",98,5952,3487,539.159676932814
"194",98,7664,3989,539.159676932814
"195",98,8309,3702,539.159676932814
"196",6,NA,NA,15456.8130601472
"197",6,NA,NA,15456.8130601472
"198",6,NA,NA,15456.8130601472
"199",6,NA,NA,15456.8130601472
"200",6,47336,12539,15456.8130601472
"201",6,45104,14092,15456.8130601472
"202",6,47261,14785,15456.8130601472
"203",6,41199,15214,15456.8130601472
"204",6,44273,4788,15456.8130601472
"205",6,44723,4638,15456.8130601472
"206",6,40326,10605,15456.8130601472
"207",6,47993,16002,15456.8130601472
"208",6,37776,4221,15456.8130601472
"209",6,48281,4404,15456.8130601472
"210",6,44229,4489,15456.8130601472
"211",180,931,2580,11242.4302134405
"212",180,800,2723,11242.4302134405
"213",180,NA,NA,11242.4302134405
"214",180,NA,NA,11242.4302134405
"215",180,745,2126,11242.4302134405
"216",180,739,0,11242.4302134405
"217",180,751,2173,11242.4302134405
"218",180,805,2245,11242.4302134405
"219",180,NA,NA,11242.4302134405
"220",180,818,2508,11242.4302134405
"221",180,NA,NA,11242.4302134405
"222",180,633,0,11242.4302134405
"223",180,690,0,11242.4302134405
"224",180,713,0,11242.4302134405
"225",180,557,0,11242.4302134405
"226",51,2363,1791,1254103.49422293
"227",51,2458,1720,1254103.49422293
"228",51,2523,1791,1254103.49422293
"229",51,2614,1839,1254103.49422293
"230",51,1761,638,1254103.49422293
"231",51,1349,457,1254103.49422293
"232",51,2211,692,1254103.49422293
"233",51,NA,NA,1254103.49422293
"234",51,1795,636,1254103.49422293
"235",51,2495,1744,1254103.49422293
"236",51,1818,685,1254103.49422293
"237",51,NA,NA,1254103.49422293
"238",51,NA,NA,1254103.49422293
"239",51,NA,NA,1254103.49422293
"240",51,2774,1887,1254103.49422293
"241",140,1356,16038,452438.820131324
"242",140,1203,15068,452438.820131324
"243",140,NA,NA,452438.820131324
"244",140,1696,16497,452438.820131324
"245",140,1735,14286,452438.820131324
"246",140,NA,NA,452438.820131324
"247",140,NA,NA,452438.820131324
"248",140,NA,NA,452438.820131324
"249",140,3105,21998,452438.820131324
"250",140,1935,16347,452438.820131324
"251",140,2320,16863,452438.820131324
"252",140,2579,19203,452438.820131324
"253",140,2868,21783,452438.820131324
"254",140,3077,20803,452438.820131324
"255",140,3124,22905,452438.820131324
"256",40,NA,NA,18070.3079656749
"257",40,3227,6312,18070.3079656749
"258",40,4808,4753,18070.3079656749
"259",40,NA,NA,18070.3079656749
"260",40,NA,NA,18070.3079656749
"261",40,4584,6138,18070.3079656749
"262",40,4410,4490,18070.3079656749
"263",40,5204,6019,18070.3079656749
"264",40,NA,NA,18070.3079656749
"265",40,4480,6973,18070.3079656749
"266",40,4380,6858,18070.3079656749
"267",40,3991,6204,18070.3079656749
"268",40,4771,4610,18070.3079656749
"269",40,4662,4586,18070.3079656749
"270",40,4846,6917,18070.3079656749
"271",42,7312,1003,4712.65978683811
"272",42,NA,NA,4712.65978683811
"273",42,NA,NA,4712.65978683811
"274",42,7191,979,4712.65978683811
"275",42,7494,1123,4712.65978683811
"276",42,NA,NA,4712.65978683811
"277",42,NA,NA,4712.65978683811
"278",42,5341,673,4712.65978683811
"279",42,5178,517,4712.65978683811
"280",42,6980,692,4712.65978683811
"281",42,5747,637,4712.65978683811
"282",42,6521,1338,4712.65978683811
"283",42,6917,1218,4712.65978683811
"284",42,7697,597,4712.65978683811
"285",42,5712,580,4712.65978683811
"286",171,10978,176286,374165.112230425
"287",171,5790,144844,374165.112230425
"288",171,8623,160218,374165.112230425
"289",171,8373,165973,374165.112230425
"290",171,12027,261895,374165.112230425
"291",171,7194,151647,374165.112230425
"292",171,8757,273622,374165.112230425
"293",171,8649,290986,374165.112230425
"294",171,NA,NA,374165.112230425
"295",171,11199,247444,374165.112230425
"296",171,11320,246131,374165.112230425
"297",171,NA,NA,374165.112230425
"298",171,NA,NA,374165.112230425
"299",171,12576,244101,374165.112230425
"300",171,NA,NA,374165.112230425
"301",44,4357,6843,2940.98706239437
"302",44,5770,6664,2940.98706239437
"303",44,6737,6359,2940.98706239437
"304",44,NA,NA,2940.98706239437
"305",44,NA,NA,2940.98706239437
"306",44,7105,6693,2940.98706239437
"307",44,7465,11297,2940.98706239437
"308",44,7855,11321,2940.98706239437
"309",44,NA,NA,2940.98706239437
"310",44,NA,NA,2940.98706239437
"311",44,7226,11727,2940.98706239437
"312",44,7543,10581,2940.98706239437
"313",44,7605,12348,2940.98706239437
"314",44,6944,12062,2940.98706239437
"315",44,6587,6926,2940.98706239437
"316",167,579,10,40487.7810196972
"317",167,NA,NA,40487.7810196972
"318",167,627,3057,40487.7810196972
"319",167,475,10,40487.7810196972
"320",167,553,11,40487.7810196972
"321",167,570,12,40487.7810196972
"322",167,NA,NA,40487.7810196972
"323",167,682,2890,40487.7810196972
"324",167,575,3009,40487.7810196972
"325",167,672,2866,40487.7810196972
"326",167,741,2938,40487.7810196972
"327",167,704,2962,40487.7810196972
"328",167,NA,NA,40487.7810196972
"329",167,NA,NA,40487.7810196972
"330",167,421,7,40487.7810196972
"331",120,220,17,29683.4604317336
"332",120,274,1338,29683.4604317336
"333",120,163,13,29683.4604317336
"334",120,251,1290,29683.4604317336
"335",120,237,2078,29683.4604317336
"336",120,199,14,29683.4604317336
"337",120,158,11,29683.4604317336
"338",120,NA,NA,29683.4604317336
"339",120,NA,NA,29683.4604317336
"340",120,246,1290,29683.4604317336
"341",120,187,13,29683.4604317336
"342",120,NA,NA,29683.4604317336
"343",120,NA,NA,29683.4604317336
"344",120,273,1338,29683.4604317336
"345",120,276,1338,29683.4604317336
"346",178,3524,0,19000.0129778171
"347",178,3692,0,19000.0129778171
"348",178,3801,24,19000.0129778171
"349",178,3413,0,19000.0129778171
"350",178,3130,1,19000.0129778171
"351",178,3038,48,19000.0129778171
"352",178,NA,NA,19000.0129778171
"353",178,NA,NA,19000.0129778171
"354",178,2614,1,19000.0129778171
"355",178,2995,48,19000.0129778171
"356",178,3530,48,19000.0129778171
"357",178,NA,NA,19000.0129778171
"358",178,3552,24,19000.0129778171
"359",178,3731,24,19000.0129778171
"360",178,NA,NA,19000.0129778171
"361",188,1163,4395,229094.021520383
"362",188,1270,4562,229094.021520383
"363",188,NA,NA,229094.021520383
"364",188,1099,4251,229094.021520383
"365",188,1008,4084,229094.021520383
"366",188,537,4,229094.021520383
"367",188,945,3941,229094.021520383
"368",188,NA,NA,229094.021520383
"369",188,783,2,229094.021520383
"370",188,735,3,229094.021520383
"371",188,NA,NA,229094.021520383
"372",188,NA,NA,229094.021520383
"373",188,743,4,229094.021520383
"374",188,878,3798,229094.021520383
"375",188,628,4,229094.021520383
"376",173,NA,NA,257844.576027606
"377",173,NA,NA,257844.576027606
"378",173,1374,11942,257844.576027606
"379",173,NA,NA,257844.576027606
"380",173,965,5000,257844.576027606
"381",173,1354,10653,257844.576027606
"382",173,1571,9697,257844.576027606
"383",173,NA,NA,257844.576027606
"384",173,1329,8981,257844.576027606
"385",173,1163,4427,257844.576027606
"386",173,1257,8145,257844.576027606
"387",173,1220,8407,257844.576027606
"388",173,1145,3993,257844.576027606
"389",173,1070,5085,257844.576027606
"390",173,1190,5056,257844.576027606
"391",304,44197,404214,101249.545842516
"392",304,46226,393399,101249.545842516
"393",304,NA,NA,101249.545842516
"394",304,50355,461498,101249.545842516
"395",304,42154,466872,101249.545842516
"396",304,43194,461474,101249.545842516
"397",304,40195,398118,101249.545842516
"398",304,52607,409549,101249.545842516
"399",304,52270,426770,101249.545842516
"400",304,NA,NA,101249.545842516
"401",304,51866,400568,101249.545842516
"402",304,NA,NA,101249.545842516
"403",304,40614,377492,101249.545842516
"404",304,47297,384541,101249.545842516
"405",304,NA,NA,101249.545842516
"406",149,NA,NA,42562.2511636427
"407",149,NA,NA,42562.2511636427
"408",149,394,454,42562.2511636427
"409",149,343,454,42562.2511636427
"410",149,NA,NA,42562.2511636427
"411",149,NA,NA,42562.2511636427
"412",149,511,454,42562.2511636427
"413",149,494,454,42562.2511636427
"414",149,476,12,42562.2511636427
"415",149,468,12,42562.2511636427
"416",149,359,454,42562.2511636427
"417",149,389,454,42562.2511636427
"418",149,365,12,42562.2511636427
"419",149,427,12,42562.2511636427
"420",149,486,12,42562.2511636427
"421",139,736,6278,126033.762284753
"422",139,757,6397,126033.762284753
"423",139,835,5374,126033.762284753
"424",139,NA,NA,126033.762284753
"425",139,780,8288,126033.762284753
"426",139,655,7264,126033.762284753
"427",139,657,6122,126033.762284753
"428",139,813,7380,126033.762284753
"429",139,820,6879,126033.762284753
"430",139,816,6568,126033.762284753
"431",139,1082,6879,126033.762284753
"432",139,NA,NA,126033.762284753
"433",139,NA,NA,126033.762284753
"434",139,NA,NA,126033.762284753
"435",139,608,7955,126033.762284753
"436",0,NA,NA,1097425.15879517
"437",0,NA,NA,1097425.15879517
"438",0,NA,NA,1097425.15879517
"439",0,15254,12993,1097425.15879517
"440",0,NA,NA,1097425.15879517
"441",0,10672,4530,1097425.15879517
"442",0,10120,4819,1097425.15879517
"443",0,12685,4448,1097425.15879517
"444",0,14502,9840,1097425.15879517
"445",0,13794,12539,1097425.15879517
"446",0,13653,12898,1097425.15879517
"447",0,9371,4823,1097425.15879517
"448",0,10383,4310,1097425.15879517
"449",0,15723,14952,1097425.15879517
"450",0,14817,12874,1097425.15879517
"451",208,NA,NA,1144003.42124957
"452",208,7826,136142,1144003.42124957
"453",208,NA,NA,1144003.42124957
"454",208,NA,NA,1144003.42124957
"455",208,NA,NA,1144003.42124957
"456",208,6180,102790,1144003.42124957
"457",208,6180,102790,1144003.42124957
"458",208,7125,122026,1144003.42124957
"459",208,7913,128905,1144003.42124957
"460",208,7913,128905,1144003.42124957
"461",208,6045,133587,1144003.42124957
"462",208,5806,125227,1144003.42124957
"463",208,NA,NA,1144003.42124957
"464",208,7763,126158,1144003.42124957
"465",208,3709,80943,1144003.42124957
"466",208,5105,96119,1144003.42124957
"467",208,4661,83897,1144003.42124957
"468",208,5403,90019,1144003.42124957
"469",173,NA,NA,42891.639326805
"470",173,NA,NA,42891.639326805
"471",173,1445,72,42891.639326805
"472",173,NA,NA,42891.639326805
"473",173,1421,72,42891.639326805
"474",173,NA,NA,42891.639326805
"475",173,846,72,42891.639326805
"476",173,842,72,42891.639326805
"477",173,1728,72,42891.639326805
"478",173,800,72,42891.639326805
"479",189,NA,NA,742639.758305601
"480",189,NA,NA,742639.758305601
"481",189,NA,NA,742639.758305601
"482",189,NA,NA,742639.758305601
"483",189,11825,2603,742639.758305601
"484",189,11406,2627,742639.758305601
"485",189,9443,2532,742639.758305601
"486",189,10185,2962,742639.758305601
"487",189,10647,2627,742639.758305601
"488",189,6583,749,742639.758305601
"489",189,6386,751,742639.758305601
"490",189,7773,756,742639.758305601
"491",189,5898,709,742639.758305601
"492",189,5128,696,742639.758305601
"493",189,8704,2508,742639.758305601
"494",34,13751,3954,39420.1527272583
"495",34,11386,3986,39420.1527272583
"496",34,14399,3860,39420.1527272583
"497",34,16158,3784,39420.1527272583
"498",34,11668,4395,39420.1527272583
"499",34,NA,NA,39420.1527272583
"500",34,12159,4419,39420.1527272583
"501",34,NA,NA,39420.1527272583
"502",34,14394,3774,39420.1527272583
"503",34,NA,NA,39420.1527272583
"504",34,13490,3630,39420.1527272583
"505",34,13754,3963,39420.1527272583
"506",34,NA,NA,39420.1527272583
"507",34,13114,3439,39420.1527272583
"508",34,13536,4347,39420.1527272583
"509",167,6165,4920,32367.1090757278
"510",167,7050,5064,32367.1090757278
"511",167,7609,5064,32367.1090757278
"512",167,7815,4586,32367.1090757278
"513",167,4667,4150,32367.1090757278
"514",167,5185,4199,32367.1090757278
"515",167,5383,4264,32367.1090757278
"516",167,5702,4200,32367.1090757278
"517",167,NA,NA,32367.1090757278
"518",167,NA,NA,32367.1090757278
"519",167,6985,5207,32367.1090757278
"520",167,5499,3979,32367.1090757278
"521",167,NA,NA,32367.1090757278
"522",167,NA,NA,32367.1090757278
"523",167,6498,4920,32367.1090757278
"524",56,NA,NA,25801.8731315697
"525",56,NA,NA,25801.8731315697
"526",56,27400,119,25801.8731315697
"527",56,23231,119,25801.8731315697
"528",56,23876,0,25801.8731315697
"529",56,23631,119,25801.8731315697
"530",56,31991,7,25801.8731315697
"531",56,31410,9,25801.8731315697
"532",56,31837,96,25801.8731315697
"533",56,28987,96,25801.8731315697
"534",56,27662,119,25801.8731315697
"535",56,NA,NA,25801.8731315697
"536",56,NA,NA,25801.8731315697
"537",56,34667,6,25801.8731315697
"538",56,30306,0,25801.8731315697
"539",56,19616,24136,11797.7050424587
"540",56,21422,32077,11797.7050424587
"541",56,19608,29736,11797.7050424587
"542",56,19395,32555,11797.7050424587
"543",56,17619,28972,11797.7050424587
"544",56,19619,24088,11797.7050424587
"545",56,22590,25847,11797.7050424587
"546",56,19510,30047,11797.7050424587
"547",56,NA,NA,11797.7050424587
"548",56,NA,NA,11797.7050424587
"549",56,18265,26886,11797.7050424587
"550",56,NA,NA,11797.7050424587
"551",56,NA,NA,11797.7050424587
"552",56,18406,27300,11797.7050424587
"553",56,14440,27027,11797.7050424587
"554",34,NA,NA,9796.39711611869
"555",34,NA,NA,9796.39711611869
"556",34,NA,NA,9796.39711611869
"557",34,52964,15812,9796.39711611869
"558",34,53730,14904,9796.39711611869
"559",34,NA,NA,9796.39711611869
"560",34,61231,20421,9796.39711611869
"561",34,57469,18726,9796.39711611869
"562",34,59921,16695,9796.39711611869
"563",34,62323,15859,9796.39711611869
"564",34,58436,25201,9796.39711611869
"565",34,50428,27969,9796.39711611869
"566",34,57614,21193,9796.39711611869
"567",34,64153,24889,9796.39711611869
"568",34,57882,22058,9796.39711611869
"569",190,1873,96,3825.30876330532
"570",190,2007,96,3825.30876330532
"571",190,1742,72,3825.30876330532
"572",190,1668,72,3825.30876330532
"573",190,NA,NA,3825.30876330532
"574",190,NA,NA,3825.30876330532
"575",190,NA,NA,3825.30876330532
"576",190,1213,NA,3825.30876330532
"577",190,1062,NA,3825.30876330532
"578",190,1575,72,3825.30876330532
"579",190,976,NA,3825.30876330532
"580",190,1464,72,3825.30876330532
"581",190,NA,NA,3825.30876330532
"582",190,1277,NA,3825.30876330532
"583",190,1353,72,3825.30876330532
"584",178,5089,122,119329.155039376
"585",178,3775,150,119329.155039376
"586",178,4259,146,119329.155039376
"587",178,4636,119,119329.155039376
"588",178,6468,597,119329.155039376
"589",178,6722,430,119329.155039376
"590",178,4703,126,119329.155039376
"591",178,5463,860,119329.155039376
"592",178,5731,908,119329.155039376
"593",178,5826,1027,119329.155039376
"594",178,6269,669,119329.155039376
"595",178,NA,NA,119329.155039376
"596",178,NA,NA,119329.155039376
"597",178,NA,NA,119329.155039376
"598",178,NA,NA,119329.155039376
"599",183,3337,29675,1139815.86279027
"600",183,4256,28216,1139815.86279027
"601",183,4237,27025,1139815.86279027
"602",183,4637,27043,1139815.86279027
"603",183,5200,29283,1139815.86279027
"604",183,5656,29760,1139815.86279027
"605",183,6003,30883,1139815.86279027
"606",183,6432,31623,1139815.86279027
"607",183,6205,30978,1139815.86279027
"608",183,3575,28541,1139815.86279027
"609",183,NA,NA,1139815.86279027
"610",183,NA,NA,1139815.86279027
"611",183,NA,NA,1139815.86279027
"612",183,NA,NA,1139815.86279027
"613",183,5982,31552,1139815.86279027
"614",51,3388,72872,738.875047450364
"615",51,2823,74162,738.875047450364
"616",51,3235,77386,738.875047450364
"617",51,NA,NA,738.875047450364
"618",51,NA,NA,738.875047450364
"619",51,3223,87656,738.875047450364
"620",51,3110,82282,738.875047450364
"621",51,1780,89253,738.875047450364
"622",51,2184,92754,738.875047450364
"623",51,NA,NA,738.875047450364
"624",51,1476,88005,738.875047450364
"625",51,2448,92433,738.875047450364
"626",51,2911,88803,738.875047450364
"627",51,NA,NA,738.875047450364
"628",51,2749,92681,738.875047450364
"629",165,4127,2078,26294.6263972451
"630",165,4224,2030,26294.6263972451
"631",165,NA,NA,26294.6263972451
"632",165,NA,NA,26294.6263972451
"633",165,NA,NA,26294.6263972451
"634",165,3699,2245,26294.6263972451
"635",165,3782,2293,26294.6263972451
"636",165,3826,2269,26294.6263972451
"637",165,3989,2054,26294.6263972451
"638",165,NA,NA,26294.6263972451
"639",165,3043,150,26294.6263972451
"640",165,3284,268,26294.6263972451
"641",165,3444,310,26294.6263972451
"642",165,3341,260,26294.6263972451
"643",165,3484,306,26294.6263972451
"644",175,16928,25286,57284.4679470028
"645",175,8742,19347,57284.4679470028
"646",175,NA,NA,57284.4679470028
"647",175,13761,24285,57284.4679470028
"648",175,NA,NA,57284.4679470028
"649",175,24894,29220,57284.4679470028
"650",175,25129,22093,57284.4679470028
"651",175,16433,27507,57284.4679470028
"652",175,19237,25964,57284.4679470028
"653",175,10717,20995,57284.4679470028
"654",175,24480,20254,57284.4679470028
"655",175,19246,20111,57284.4679470028
"656",175,NA,NA,57284.4679470028
"657",175,26622,21233,57284.4679470028
"658",175,NA,NA,57284.4679470028
"659",163,1093,717,32506.0402313139
"660",163,854,645,32506.0402313139
"661",163,987,645,32506.0402313139
"662",163,NA,NA,32506.0402313139
"663",163,241,0,32506.0402313139
"664",163,253,0,32506.0402313139
"665",163,334,0,32506.0402313139
"666",163,543,645,32506.0402313139
"667",163,504,621,32506.0402313139
"668",163,NA,NA,32506.0402313139
"669",163,369,0,32506.0402313139
"670",163,NA,NA,32506.0402313139
"671",163,256,0,32506.0402313139
"672",163,NA,NA,32506.0402313139
"673",163,440,597,32506.0402313139
"674",95,12744,3109,887.532877061792
"675",95,NA,NA,887.532877061792
"676",95,16925,3664,887.532877061792
"677",95,NA,NA,887.532877061792
"678",95,NA,NA,887.532877061792
"679",95,15010,3963,887.532877061792
"680",95,NA,NA,887.532877061792
"681",95,15081,3305,887.532877061792
"682",95,17157,5565,887.532877061792
"683",95,17157,5565,887.532877061792
"684",95,17182,4681,887.532877061792
"685",95,18471,3477,887.532877061792
"686",95,19328,5661,887.532877061792
"687",95,NA,NA,887.532877061792
"688",95,19892,5780,887.532877061792
"689",95,17616,5040,887.532877061792
"690",95,17556,5088,887.532877061792
"691",95,17616,5040,887.532877061792
"692",81,NA,NA,44506.1080728505
"693",137,489,30692,210771.021866482
"694",137,556,31241,210771.021866482
"695",137,335,29521,210771.021866482
"696",137,455,30071,210771.021866482
"697",137,NA,NA,210771.021866482
"698",137,687,32292,210771.021866482
"699",137,NA,NA,210771.021866482
"700",137,632,31862,210771.021866482
"701",137,NA,NA,210771.021866482
"702",137,NA,NA,210771.021866482
"703",197,5197,143,89127.8258544924
"704",197,4578,191,89127.8258544924
"705",197,4401,143,89127.8258544924
"706",197,5062,191,89127.8258544924
"707",197,4890,191,89127.8258544924
"708",197,4076,44,89127.8258544924
"709",197,4175,43,89127.8258544924
"710",197,3747,29,89127.8258544924
"711",197,4201,167,89127.8258544924
"712",197,NA,NA,89127.8258544924
"713",197,NA,NA,89127.8258544924
"714",197,3367,40,89127.8258544924
"715",197,3649,36,89127.8258544924
"716",197,NA,NA,89127.8258544924
"717",197,NA,NA,89127.8258544924
"718",152,49265,18033,4204.64474155443
"719",152,42401,17531,4204.64474155443
"720",152,43339,17627,4204.64474155443
"721",152,49931,18128,4204.64474155443
"722",152,NA,NA,4204.64474155443
"723",152,NA,NA,4204.64474155443
"724",152,NA,NA,4204.64474155443
"725",152,NA,NA,4204.64474155443
"726",152,47060,5525,4204.64474155443
"727",152,46165,5155,4204.64474155443
"728",152,50783,17054,4204.64474155443
"729",152,47292,17149,4204.64474155443
"730",152,39475,6196,4204.64474155443
"731",152,48254,4338,4204.64474155443
"732",152,53354,4603,4204.64474155443
"733",0,NA,NA,28493.2123818028
"734",0,43680,134900,28493.2123818028
"735",0,40763,133443,28493.2123818028
"736",0,42339,135163,28493.2123818028
"737",0,42924,136023,28493.2123818028
"738",0,36504,136620,28493.2123818028
"739",0,36826,130458,28493.2123818028
"740",0,NA,NA,28493.2123818028
"741",0,NA,NA,28493.2123818028
"742",0,NA,NA,28493.2123818028
"743",0,35411,47330,28493.2123818028
"744",0,41553,47093,28493.2123818028
"745",0,40617,47624,28493.2123818028
"746",0,41567,45517,28493.2123818028
"747",0,45363,48239,28493.2123818028
"748",180,9781,13973,64702.4975636192
"749",180,NA,NA,64702.4975636192
"750",180,10151,13590,64702.4975636192
"751",180,7002,13304,64702.4975636192
"752",180,NA,NA,64702.4975636192
"753",180,NA,NA,64702.4975636192
"754",180,10652,14402,64702.4975636192
"755",180,9283,13551,64702.4975636192
"756",180,7077,13280,64702.4975636192
"757",180,7288,12408,64702.4975636192
"758",180,8594,12637,64702.4975636192
"759",180,10459,12346,64702.4975636192
"760",180,7942,12402,64702.4975636192
"761",180,8278,13093,64702.4975636192
"762",180,NA,NA,64702.4975636192
"763",150,612,NA,7652.63070705945
"764",150,553,NA,7652.63070705945
"765",150,442,NA,7652.63070705945
"766",150,522,NA,7652.63070705945
"767",150,566,143,7652.63070705945
"768",150,521,143,7652.63070705945
"769",150,510,167,7652.63070705945
"770",150,488,167,7652.63070705945
"771",150,NA,NA,7652.63070705945
"772",150,NA,NA,7652.63070705945
"773",150,443,167,7652.63070705945
"774",150,475,167,7652.63070705945
"775",150,484,167,7652.63070705945
"776",150,NA,NA,7652.63070705945
"777",150,NA,NA,7652.63070705945
"778",72,3541,1385,114822.873649685
"779",72,4135,1457,114822.873649685
"780",72,3651,1433,114822.873649685
"781",72,1742,553,114822.873649685
"782",72,NA,NA,114822.873649685
"783",72,NA,NA,114822.873649685
"784",72,NA,NA,114822.873649685
"785",72,3636,1099,114822.873649685
"786",72,3715,1409,114822.873649685
"787",72,2298,677,114822.873649685
"788",72,2446,778,114822.873649685
"789",72,2652,1020,114822.873649685
"790",72,2900,717,114822.873649685
"791",72,NA,NA,114822.873649685
"792",72,3300,1123,114822.873649685
"793",30,NA,NA,22113.2684930727
"794",30,45265,122887,22113.2684930727
"795",30,42672,122385,22113.2684930727
"796",30,45091,120187,22113.2684930727
"797",30,47744,119518,22113.2684930727
"798",30,41313,119590,22113.2684930727
"799",30,42456,115434,22113.2684930727
"800",30,NA,NA,22113.2684930727
"801",30,NA,NA,22113.2684930727
"802",30,NA,NA,22113.2684930727
"803",30,34664,95153,22113.2684930727
"804",30,41105,97864,22113.2684930727
"805",30,41100,81700,22113.2684930727
"806",30,41027,82676,22113.2684930727
"807",30,44940,90428,22113.2684930727
"808",200,1450,8527,47095.3949670097
"809",200,1326,839,47095.3949670097
"810",200,1097,591,47095.3949670097
"811",200,1646,8288,47095.3949670097
"812",200,1579,7141,47095.3949670097
"813",200,930,483,47095.3949670097
"814",200,1099,320,47095.3949670097
"815",200,1234,533,47095.3949670097
"816",200,NA,NA,47095.3949670097
"817",200,1846,8383,47095.3949670097
"818",200,1354,8885,47095.3949670097
"819",200,1517,8025,47095.3949670097
"820",200,NA,NA,47095.3949670097
"821",200,NA,NA,47095.3949670097
"822",200,NA,NA,47095.3949670097
"823",10,17431,8479,35761.3260314873
"824",10,17230,6712,35761.3260314873
"825",10,NA,NA,35761.3260314873
"826",10,NA,NA,35761.3260314873
"827",10,NA,NA,35761.3260314873
"828",10,21042,8790,35761.3260314873
"829",10,21768,9315,35761.3260314873
"830",10,23679,9040,35761.3260314873
"831",10,28795,9024,35761.3260314873
"832",10,31997,8819,35761.3260314873
"833",10,29720,9047,35761.3260314873
"834",10,NA,NA,35761.3260314873
"835",10,26967,8440,35761.3260314873
"836",10,25975,9625,35761.3260314873
"837",10,22430,10438,35761.3260314873
"838",174,2867,1113,648355.873075331
"839",174,2561,1135,648355.873075331
"840",174,2326,1210,648355.873075331
"841",174,2697,993,648355.873075331
"842",174,2882,964,648355.873075331
"843",174,NA,NA,648355.873075331
"844",174,3240,7213,648355.873075331
"845",174,3341,7380,648355.873075331
"846",174,4147,8455,648355.873075331
"847",174,NA,NA,648355.873075331
"848",174,NA,NA,648355.873075331
"849",174,NA,NA,648355.873075331
"850",174,3478,7404,648355.873075331
"851",174,3688,7810,648355.873075331
"852",174,3924,7548,648355.873075331
"853",139,311,40,270001.412046335
"854",139,466,46,270001.412046335
"855",139,501,45,270001.412046335
"856",139,481,42,270001.412046335
"857",139,NA,NA,270001.412046335
"858",139,515,46,270001.412046335
"859",139,541,2699,270001.412046335
"860",139,502,2675,270001.412046335
"861",139,744,2699,270001.412046335
"862",139,725,2771,270001.412046335
"863",139,615,2699,270001.412046335
"864",139,NA,NA,270001.412046335
"865",139,NA,NA,270001.412046335
"866",139,684,2794,270001.412046335
"867",139,NA,NA,270001.412046335
"868",160,NA,NA,125207.560993702
"869",160,NA,NA,125207.560993702
"870",160,618,621,125207.560993702
"871",160,469,NA,125207.560993702
"872",160,407,NA,125207.560993702
"873",160,NA,NA,125207.560993702
"874",160,570,NA,125207.560993702
"875",160,573,597,125207.560993702
"876",160,600,573,125207.560993702
"877",160,608,597,125207.560993702
"878",160,NA,NA,125207.560993702
"879",160,595,597,125207.560993702
"880",160,546,573,125207.560993702
"881",160,533,NA,125207.560993702
"882",160,533,573,125207.560993702
"883",214,1906,NA,166414.385696969
"884",214,2259,NA,166414.385696969
"885",214,2478,NA,166414.385696969
"886",214,4137,167,166414.385696969
"887",214,4444,167,166414.385696969
"888",214,NA,NA,166414.385696969
"889",214,NA,NA,166414.385696969
"890",214,2593,NA,166414.385696969
"891",214,3258,239,166414.385696969
"892",214,3585,191,166414.385696969
"893",214,NA,NA,166414.385696969
"894",214,NA,NA,166414.385696969
"895",214,2874,191,166414.385696969
"896",214,4031,167,166414.385696969
"897",214,3739,167,166414.385696969
"898",164,621,15,138898.809896239
"899",164,683,3224,138898.809896239
"900",164,704,3344,138898.809896239
"901",164,745,3344,138898.809896239
"902",164,819,3248,138898.809896239
"903",164,780,3320,138898.809896239
"904",164,610,18,138898.809896239
"905",164,705,3368,138898.809896239
"906",164,NA,NA,138898.809896239
"907",164,NA,NA,138898.809896239
"908",164,NA,NA,138898.809896239
"909",164,NA,NA,138898.809896239
"910",164,476,23,138898.809896239
"911",164,575,13,138898.809896239
"912",164,609,16,138898.809896239
"913",160,1551,178,243560.983714492
"914",160,2339,2484,243560.983714492
"915",160,2293,2532,243560.983714492
"916",160,NA,NA,243560.983714492
"917",160,NA,NA,243560.983714492
"918",160,NA,NA,243560.983714492
"919",160,NA,NA,243560.983714492
"920",160,1722,190,243560.983714492
"921",160,1896,197,243560.983714492
"922",160,1953,240,243560.983714492
"923",160,2078,255,243560.983714492
"924",160,2277,2412,243560.983714492
"925",160,2243,2508,243560.983714492
"926",160,2326,2699,243560.983714492
"927",160,2361,2890,243560.983714492
"928",45,12896,6879,3456.49153784679
"929",45,13949,10772,3456.49153784679
"930",45,11167,7001,3456.49153784679
"931",45,13774,6567,3456.49153784679
"932",45,15586,6690,3456.49153784679
"933",45,12939,6763,3456.49153784679
"934",45,12713,10557,3456.49153784679
"935",45,13403,10175,3456.49153784679
"936",45,14278,11035,3456.49153784679
"937",45,12559,11250,3456.49153784679
"938",45,NA,NA,3456.49153784679
"939",45,12900,11441,3456.49153784679
"940",45,NA,NA,3456.49153784679
"941",45,NA,NA,3456.49153784679
"942",45,NA,NA,3456.49153784679
"943",62,40866,1691,74947.7895011381
"944",62,45539,6210,74947.7895011381
"945",62,43523,6759,74947.7895011381
"946",62,46520,6831,74947.7895011381
"947",62,56883,1659,74947.7895011381
"948",62,41696,1710,74947.7895011381
"949",62,51242,6807,74947.7895011381
"950",62,60966,7213,74947.7895011381
"951",62,NA,NA,74947.7895011381
"952",62,55377,1083,74947.7895011381
"953",62,70327,1233,74947.7895011381
"954",62,NA,NA,74947.7895011381
"955",62,52643,6807,74947.7895011381
"956",62,NA,NA,74947.7895011381
"957",62,NA,NA,74947.7895011381
"958",107,NA,NA,548666.335601356
"959",107,NA,NA,548666.335601356
"960",107,NA,NA,548666.335601356
"961",107,NA,NA,548666.335601356
"962",107,1629,562195,548666.335601356
"963",107,1706,556535,548666.335601356
"964",107,829,331328,548666.335601356
"965",107,1041,348947,548666.335601356
"966",107,1102,370373,548666.335601356
"967",107,1414,420079,548666.335601356
"968",107,1548,535039,548666.335601356
"969",107,1576,551806,548666.335601356
"970",107,1124,403967,548666.335601356
"971",107,1581,547387,548666.335601356
"972",107,1530,554552,548666.335601356
"973",214,3551,439763,425558.606422385
"974",214,3470,421587,425558.606422385
"975",214,3492,440838,425558.606422385
"976",214,3336,428155,425558.606422385
"977",214,3475,471816,425558.606422385
"978",214,NA,NA,425558.606422385
"979",214,2947,349446,425558.606422385
"980",214,3570,451060,425558.606422385
"981",214,NA,NA,425558.606422385
"982",214,NA,NA,425558.606422385
"983",214,NA,NA,425558.606422385
"984",214,1601,251726,425558.606422385
"985",214,1871,274442,425558.606422385
"986",214,2272,299887,425558.606422385
"987",214,2178,283624,425558.606422385
"988",13,5663,367945,33466.2391877885
"989",13,7285,321797,33466.2391877885
"990",13,5299,391994,33466.2391877885
"991",13,NA,NA,33466.2391877885
"992",13,3433,337428,33466.2391877885
"993",13,4347,349067,33466.2391877885
"994",13,6363,299608,33466.2391877885
"995",13,5562,319289,33466.2391877885
"996",13,4958,325714,33466.2391877885
"997",13,NA,NA,33466.2391877885
"998",13,NA,NA,33466.2391877885
"999",13,4997,351248,33466.2391877885
"1000",13,4978,355985,33466.2391877885
"1001",13,7629,377711,33466.2391877885
"1002",13,NA,NA,33466.2391877885
"1003",37,5619,153482,36687.050633162
"1004",37,5790,155775,36687.050633162
"1005",37,4642,180687,36687.050633162
"1006",37,4301,230892,36687.050633162
"1007",37,NA,NA,36687.050633162
"1008",37,5691,161746,36687.050633162
"1009",37,3783,126674,36687.050633162
"1010",37,2606,101117,36687.050633162
"1011",37,1944,100219,36687.050633162
"1012",37,NA,NA,36687.050633162
"1013",37,3495,122408,36687.050633162
"1014",37,3635,126231,36687.050633162
"1015",37,NA,NA,36687.050633162
"1016",37,4949,138841,36687.050633162
"1017",37,NA,NA,36687.050633162
"1018",17,61832,1910,28265.0649646564
"1019",17,64497,4204,28265.0649646564
"1020",17,64497,4204,28265.0649646564
"1021",17,NA,NA,28265.0649646564
"1022",17,55075,2006,28265.0649646564
"1023",17,52711,1459,28265.0649646564
"1024",17,NA,NA,28265.0649646564
"1025",17,NA,NA,28265.0649646564
"1026",17,NA,NA,28265.0649646564
"1027",17,62762,1316,28265.0649646564
"1028",17,62762,1316,28265.0649646564
"1029",17,52952,1406,28265.0649646564
"1030",17,52571,1672,28265.0649646564
"1031",17,50155,2269,28265.0649646564
"1032",17,52571,1672,28265.0649646564
"1033",17,48508,1290,28265.0649646564
"1034",17,48893,1763,28265.0649646564
"1035",17,62903,1435,28265.0649646564
"1036",75,25248,2449,39708.132454079
"1037",75,29989,3216,39708.132454079
"1038",75,21475,2104,39708.132454079
"1039",75,31222,3078,39708.132454079
"1040",75,NA,NA,39708.132454079
"1041",75,28292,2524,39708.132454079
"1042",75,NA,NA,39708.132454079
"1043",75,33703,3248,39708.132454079
"1044",75,34234,4705,39708.132454079
"1045",75,NA,NA,39708.132454079
"1046",75,NA,NA,39708.132454079
"1047",75,38837,6759,39708.132454079
"1048",75,38788,8264,39708.132454079
"1049",75,37704,6449,39708.132454079
"1050",75,37088,7356,39708.132454079
"1051",7,37515,31193,52077.40044687
"1052",7,31703,20497,52077.40044687
"1053",7,37051,19170,52077.40044687
"1054",7,39950,19435,52077.40044687
"1055",7,36302,18655,52077.40044687
"1056",7,35146,20258,52077.40044687
"1057",7,31279,33630,52077.40044687
"1058",7,NA,NA,52077.40044687
"1059",7,35243,36830,52077.40044687
"1060",7,36112,36758,52077.40044687
"1061",7,30794,36042,52077.40044687
"1062",7,34356,35015,52077.40044687
"1063",7,NA,NA,52077.40044687
"1064",7,NA,NA,52077.40044687
"1065",7,NA,NA,52077.40044687
"1066",187,NA,NA,171246.983423555
"1067",187,NA,NA,171246.983423555
"1068",187,4940,191,171246.983423555
"1069",187,4879,215,171246.983423555
"1070",187,NA,NA,171246.983423555
"1071",187,NA,NA,171246.983423555
"1072",187,5126,167,171246.983423555
"1073",187,4856,191,171246.983423555
"1074",187,4442,14,171246.983423555
"1075",187,4424,18,171246.983423555
"1076",187,5354,167,171246.983423555
"1077",187,5042,18,171246.983423555
"1078",187,4827,18,171246.983423555
"1079",187,5245,167,171246.983423555
"1080",187,4725,18,171246.983423555
"1081",47,34235,35349,210851.229285254
"1082",47,46663,28399,210851.229285254
"1083",47,37833,26249,210851.229285254
"1084",47,34224,30310,210851.229285254
"1085",47,38640,35373,210851.229285254
"1086",47,NA,NA,210851.229285254
"1087",47,34268,39344,210851.229285254
"1088",47,38087,34797,210851.229285254
"1089",47,39537,36602,210851.229285254
"1090",47,43151,37725,210851.229285254
"1091",47,46384,51209,210851.229285254
"1092",47,38528,27993,210851.229285254
"1093",47,NA,NA,210851.229285254
"1094",47,NA,NA,210851.229285254
"1095",47,NA,NA,210851.229285254
"1096",19,4618,167,7453.87095723213
"1097",19,4096,191,7453.87095723213
"1098",19,4088,239,7453.87095723213
"1099",19,NA,NA,7453.87095723213
"1100",19,NA,NA,7453.87095723213
"1101",19,2773,191,7453.87095723213
"1102",19,3025,172,7453.87095723213
"1103",19,3717,160,7453.87095723213
"1104",19,4067,167,7453.87095723213
"1105",19,NA,NA,7453.87095723213
"1106",19,NA,NA,7453.87095723213
"1107",19,3854,169,7453.87095723213
"1108",19,4285,215,7453.87095723213
"1109",19,4414,191,7453.87095723213
"1110",19,4094,142,7453.87095723213
"1111",178,13650,171921,8290.62588560319
"1112",178,10388,175265,8290.62588560319
"1113",178,6810,140143,8290.62588560319
"1114",178,5366,133937,8290.62588560319
"1115",178,11682,166261,8290.62588560319
"1116",178,12508,167909,8290.62588560319
"1117",178,9299,165407,8290.62588560319
"1118",178,7505,160910,8290.62588560319
"1119",178,12661,169390,8290.62588560319
"1120",178,NA,NA,8290.62588560319
"1121",178,NA,NA,8290.62588560319
"1122",178,8571,152371,8290.62588560319
"1123",178,NA,NA,8290.62588560319
"1124",178,NA,NA,8290.62588560319
"1125",178,7324,156481,8290.62588560319
"1126",174,970,401,123209.722670738
"1127",174,930,297,123209.722670738
"1128",174,972,15812,123209.722670738
"1129",174,1149,16480,123209.722670738
"1130",174,1227,17173,123209.722670738
"1131",174,1335,17913,123209.722670738
"1132",174,1350,18176,123209.722670738
"1133",174,846,394,123209.722670738
"1134",174,846,394,123209.722670738
"1135",174,911,346,123209.722670738
"1136",174,612,350,123209.722670738
"1137",174,1455,17579,123209.722670738
"1138",174,NA,NA,123209.722670738
"1139",174,NA,NA,123209.722670738
"1140",174,NA,NA,123209.722670738
"1141",174,NA,NA,123209.722670738
"1142",70,42011,150866,173.473974411631
"1143",70,NA,NA,173.473974411631
"1144",70,37180,129448,173.473974411631
"1145",70,54540,153075,173.473974411631
"1146",70,38579,134656,173.473974411631
"1147",70,49296,152049,173.473974411631
"1148",70,53544,170440,173.473974411631
"1149",70,NA,NA,173.473974411631
"1150",70,NA,NA,173.473974411631
"1151",70,NA,NA,173.473974411631
"1152",70,44869,146814,173.473974411631
"1153",70,27229,173975,173.473974411631
"1154",70,28980,167264,173.473974411631
"1155",70,43003,165831,173.473974411631
"1156",70,52198,169891,173.473974411631
"1157",205,989,1153,25664.3788358851
"1158",205,1100,1839,25664.3788358851
"1159",205,741,1396,25664.3788358851
"1160",205,NA,NA,25664.3788358851
"1161",205,899,1157,25664.3788358851
"1162",205,1147,1624,25664.3788358851
"1163",205,891,1118,25664.3788358851
"1164",205,1207,1744,25664.3788358851
"1165",205,NA,NA,25664.3788358851
"1166",205,558,1464,25664.3788358851
"1167",205,1303,1767,25664.3788358851
"1168",205,NA,NA,25664.3788358851
"1169",205,NA,NA,25664.3788358851
"1170",205,1293,1791,25664.3788358851
"1171",205,1139,1911,25664.3788358851
"1172",113,701,739,260395.044749564
"1173",113,1054,739,260395.044749564
"1174",113,1236,1863,260395.044749564
"1175",113,NA,NA,260395.044749564
"1176",113,861,710,260395.044749564
"1177",113,891,721,260395.044749564
"1178",113,NA,NA,260395.044749564
"1179",113,2018,3368,260395.044749564
"1180",113,2159,4419,260395.044749564
"1181",113,2339,6377,260395.044749564
"1182",113,1414,1959,260395.044749564
"1183",113,601,643,260395.044749564
"1184",113,1589,2030,260395.044749564
"1185",113,NA,NA,260395.044749564
"1186",113,NA,NA,260395.044749564
"1187",90,NA,NA,564.189146941018
"1188",90,NA,NA,564.189146941018
"1189",90,NA,NA,564.189146941018
"1190",90,NA,NA,564.189146941018
"1191",90,16682,308,564.189146941018
"1192",90,13857,2341,564.189146941018
"1193",90,15064,2150,564.189146941018
"1194",90,15584,2580,564.189146941018
"1195",90,13554,2341,564.189146941018
"1196",90,13993,2436,564.189146941018
"1197",90,14280,258,564.189146941018
"1198",90,9036,249,564.189146941018
"1199",90,13658,2078,564.189146941018
"1200",90,12383,356,564.189146941018
"1201",90,11417,358,564.189146941018
"1202",22,5500,60,50435.2165487755
"1203",22,6008,50,50435.2165487755
"1204",22,NA,NA,50435.2165487755
"1205",22,NA,NA,50435.2165487755
"1206",22,NA,NA,50435.2165487755
"1207",22,9793,239,50435.2165487755
"1208",22,8949,215,50435.2165487755
"1209",22,9490,215,50435.2165487755
"1210",22,8537,167,50435.2165487755
"1211",22,8400,167,50435.2165487755
"1212",22,6982,32,50435.2165487755
"1213",22,8354,53,50435.2165487755
"1214",22,8850,72,50435.2165487755
"1215",22,8452,191,50435.2165487755
"1216",22,NA,NA,50435.2165487755
"1217",22,817,48,7146.96528744111
"1218",22,827,51,7146.96528744111
"1219",22,859,56,7146.96528744111
"1220",22,736,17,7146.96528744111
"1221",22,1226,502,7146.96528744111
"1222",22,1083,60,7146.96528744111
"1223",22,1075,502,7146.96528744111
"1224",22,NA,NA,7146.96528744111
"1225",22,1074,740,7146.96528744111
"1226",22,1175,740,7146.96528744111
"1227",22,1017,740,7146.96528744111
"1228",22,1135,502,7146.96528744111
"1229",22,NA,NA,7146.96528744111
"1230",22,NA,NA,7146.96528744111
"1231",22,NA,NA,7146.96528744111
"1232",195,250,NA,322748.195673911
"1233",195,268,NA,322748.195673911
"1234",195,271,1529,322748.195673911
"1235",195,NA,NA,322748.195673911
"1236",195,NA,NA,322748.195673911
"1237",195,207,NA,322748.195673911
"1238",195,232,NA,322748.195673911
"1239",195,378,1576,322748.195673911
"1240",195,414,1648,322748.195673911
"1241",195,453,1696,322748.195673911
"1242",195,468,1744,322748.195673911
"1243",195,593,1815,322748.195673911
"1244",195,598,1887,322748.195673911
"1245",195,NA,NA,322748.195673911
"1246",195,NA,NA,322748.195673911
"1247",49,12029,61001,3243.76982423332
"1248",49,NA,NA,3243.76982423332
"1249",49,NA,NA,3243.76982423332
"1250",49,13400,95256,3243.76982423332
"1251",49,4960,35946,3243.76982423332
"1252",49,5993,35731,3243.76982423332
"1253",49,6826,30142,3243.76982423332
"1254",49,NA,NA,3243.76982423332
"1255",49,NA,NA,3243.76982423332
"1256",49,11542,93762,3243.76982423332
"1257",49,9686,99990,3243.76982423332
"1258",49,10838,104305,3243.76982423332
"1259",49,16221,107093,3243.76982423332
"1260",49,6650,32316,3243.76982423332
"1261",49,15566,85746,3243.76982423332
"1262",80,16394,1767,2948.40069573162
"1263",80,12070,1331,2948.40069573162
"1264",80,14286,1529,2948.40069573162
"1265",80,14143,1552,2948.40069573162
"1266",80,15381,1648,2948.40069573162
"1267",80,14157,1815,2948.40069573162
"1268",80,14707,1839,2948.40069573162
"1269",80,9337,1073,2948.40069573162
"1270",80,12455,1183,2948.40069573162
"1271",80,15237,1205,2948.40069573162
"1272",80,NA,NA,2948.40069573162
"1273",80,NA,NA,2948.40069573162
"1274",80,NA,NA,2948.40069573162
"1275",80,12089,359,2948.40069573162
"1276",80,NA,NA,2948.40069573162
"1277",14,91257,87,4464.79258343776
"1278",14,103314,86,4464.79258343776
"1279",14,112791,90,4464.79258343776
"1280",14,100662,79,4464.79258343776
"1281",14,102668,133,4464.79258343776
"1282",14,114179,119,4464.79258343776
"1283",14,107481,119,4464.79258343776
"1284",14,113373,143,4464.79258343776
"1285",14,119226,143,4464.79258343776
"1286",14,101959,143,4464.79258343776
"1287",14,164437,167,4464.79258343776
"1288",14,NA,NA,4464.79258343776
"1289",14,NA,NA,4464.79258343776
"1290",14,NA,NA,4464.79258343776
"1291",14,NA,NA,4464.79258343776
"1292",124,472,60,288404.585719331
"1293",124,293,55,288404.585719331
"1294",124,379,62,288404.585719331
"1295",124,463,3033,288404.585719331
"1296",124,NA,NA,288404.585719331
"1297",124,NA,NA,288404.585719331
"1298",124,NA,NA,288404.585719331
"1299",124,447,2962,288404.585719331
"1300",124,417,64,288404.585719331
"1301",124,415,61,288404.585719331
"1302",124,458,2962,288404.585719331
"1303",124,451,3224,288404.585719331
"1304",124,NA,NA,288404.585719331
"1305",124,503,3081,288404.585719331
"1306",124,471,3153,288404.585719331
"1307",125,290,155,61415.3947879829
"1308",125,464,188,61415.3947879829
"1309",125,366,1624,61415.3947879829
"1310",125,294,1624,61415.3947879829
"1311",125,323,163,61415.3947879829
"1312",125,376,169,61415.3947879829
"1313",125,425,167,61415.3947879829
"1314",125,NA,NA,61415.3947879829
"1315",125,463,2054,61415.3947879829
"1316",125,349,2054,61415.3947879829
"1317",125,NA,NA,61415.3947879829
"1318",125,NA,NA,61415.3947879829
"1319",125,315,2078,61415.3947879829
"1320",125,349,1624,61415.3947879829
"1321",125,NA,NA,61415.3947879829
"1322",214,10514,84288,446201.416784478
"1323",214,8754,86923,446201.416784478
"1324",214,7218,96851,446201.416784478
"1325",214,10050,81064,446201.416784478
"1326",214,10422,80467,446201.416784478
"1327",214,6180,91331,446201.416784478
"1328",214,NA,NA,446201.416784478
"1329",214,NA,NA,446201.416784478
"1330",214,8454,94504,446201.416784478
"1331",214,7278,91492,446201.416784478
"1332",214,NA,NA,446201.416784478
"1333",214,11184,89281,446201.416784478
"1334",214,9644,89519,446201.416784478
"1335",214,9508,90451,446201.416784478
"1336",214,NA,NA,446201.416784478
"1337",246,5769,NA,49054
"1338",246,6774,NA,49054
"1339",246,6786,NA,49054
"1340",246,7169,0,49054
"1341",246,7168,0,49054
"1342",246,9057,0,49054
"1343",246,9576,0,49054
"1344",246,9875,0,49054
"1345",246,NA,NA,49054
"1346",246,7700,0,49054
"1347",246,8220,0,49054
"1348",246,NA,NA,49054
"1349",246,NA,NA,49054
"1350",246,4860,NA,49054
"1351",246,NA,NA,49054
"1352",129,497,23,119861.71423074
"1353",129,561,23,119861.71423074
"1354",129,696,1266,119861.71423074
"1355",129,778,1361,119861.71423074
"1356",129,NA,NA,119861.71423074
"1357",129,NA,NA,119861.71423074
"1358",129,665,24,119861.71423074
"1359",129,661,25,119861.71423074
"1360",129,672,25,119861.71423074
"1361",129,739,1266,119861.71423074
"1362",129,715,1266,119861.71423074
"1363",129,NA,NA,119861.71423074
"1364",129,NA,NA,119861.71423074
"1365",129,848,1314,119861.71423074
"1366",129,746,1314,119861.71423074
"1367",92,21335,NA,75.6034152463996
"1368",92,26358,24,75.6034152463996
"1369",92,24054,24,75.6034152463996
"1370",92,25616,24,75.6034152463996
"1371",92,NA,NA,75.6034152463996
"1372",92,15740,NA,75.6034152463996
"1373",92,18943,NA,75.6034152463996
"1374",92,23243,0,75.6034152463996
"1375",92,22479,0,75.6034152463996
"1376",92,NA,NA,75.6034152463996
"1377",92,NA,NA,75.6034152463996
"1378",92,NA,NA,75.6034152463996
"1379",92,20166,NA,75.6034152463996
"1380",92,20579,0,75.6034152463996
"1381",92,21563,0,75.6034152463996
"1382",128,1042,567,7119.89371935766
"1383",128,1202,415,7119.89371935766
"1384",128,1319,740,7119.89371935766
"1385",128,NA,NA,7119.89371935766
"1386",128,NA,NA,7119.89371935766
"1387",128,1384,788,7119.89371935766
"1388",128,1276,740,7119.89371935766
"1389",128,1418,740,7119.89371935766
"1390",128,1144,717,7119.89371935766
"1391",128,1178,610,7119.89371935766
"1392",128,939,1542,7119.89371935766
"1393",128,1008,757,7119.89371935766
"1394",128,NA,NA,7119.89371935766
"1395",128,1085,979,7119.89371935766
"1396",128,NA,NA,7119.89371935766
"1397",161,7897,9,40438.3967251987
"1398",161,9112,263,40438.3967251987
"1399",161,7881,9,40438.3967251987
"1400",161,7201,11,40438.3967251987
"1401",161,9275,287,40438.3967251987
"1402",161,9679,263,40438.3967251987
"1403",161,5533,7,40438.3967251987
"1404",161,6387,7,40438.3967251987
"1405",161,9231,239,40438.3967251987
"1406",161,9593,215,40438.3967251987
"1407",161,10184,239,40438.3967251987
"1408",161,NA,NA,40438.3967251987
"1409",161,NA,NA,40438.3967251987
"1410",161,NA,NA,40438.3967251987
"1411",161,NA,NA,40438.3967251987
"1412",59,8624,233661,342156.407487502
"1413",59,9188,227093,342156.407487502
"1414",59,9579,211464,342156.407487502
"1415",59,7674,199414,342156.407487502
"1416",59,8906,202374,342156.407487502
"1417",59,9797,214722,342156.407487502
"1418",59,9802,211641,342156.407487502
"1419",59,10293,211355,342156.407487502
"1420",59,10581,203353,342156.407487502
"1421",59,9291,191220,342156.407487502
"1422",59,8444,179875,342156.407487502
"1423",59,NA,NA,342156.407487502
"1424",59,NA,NA,342156.407487502
"1425",59,NA,NA,342156.407487502
"1426",59,NA,NA,342156.407487502
"1427",68,1980,239,1809.88775547657
"1428",68,1627,18,1809.88775547657
"1429",68,917,11,1809.88775547657
"1430",68,1962,358,1809.88775547657
"1431",68,1509,22,1809.88775547657
"1432",68,1665,22,1809.88775547657
"1433",68,2073,239,1809.88775547657
"1434",68,2285,287,1809.88775547657
"1435",68,NA,NA,1809.88775547657
"1436",68,1602,358,1809.88775547657
"1437",68,1668,788,1809.88775547657
"1438",68,NA,NA,1809.88775547657
"1439",68,NA,NA,1809.88775547657
"1440",68,1198,11,1809.88775547657
"1441",68,NA,NA,1809.88775547657
"1442",261,1632,4322,9063.92503612933
"1443",261,2286,14929,9063.92503612933
"1444",261,2136,4779,9063.92503612933
"1445",261,1715,7836,9063.92503612933
"1446",261,3181,20135,9063.92503612933
"1447",261,1334,2840,9063.92503612933
"1448",261,3686,22905,9063.92503612933
"1449",261,NA,NA,9063.92503612933
"1450",261,NA,NA,9063.92503612933
"1451",261,4182,16170,9063.92503612933
"1452",261,3947,15621,9063.92503612933
"1453",261,3691,18964,9063.92503612933
"1454",261,4056,19299,9063.92503612933
"1455",261,NA,NA,9063.92503612933
"1456",261,NA,NA,9063.92503612933
"1457",50,6630,663,21600.9342146313
"1458",50,7244,693,21600.9342146313
"1459",50,6686,389,21600.9342146313
"1460",50,6400,717,21600.9342146313
"1461",50,6958,669,21600.9342146313
"1462",50,4370,1133,21600.9342146313
"1463",50,5938,376,21600.9342146313
"1464",50,7306,515,21600.9342146313
"1465",50,6514,693,21600.9342146313
"1466",50,7109,764,21600.9342146313
"1467",50,7309,693,21600.9342146313
"1468",50,NA,NA,21600.9342146313
"1469",50,NA,NA,21600.9342146313
"1470",50,NA,NA,21600.9342146313
"1471",50,NA,NA,21600.9342146313
"1472",60,2453,211,43349.0703351894
"1473",60,2871,201,43349.0703351894
"1474",60,3146,1959,43349.0703351894
"1475",60,2907,1409,43349.0703351894
"1476",60,2937,2150,43349.0703351894
"1477",60,NA,NA,43349.0703351894
"1478",60,3208,1338,43349.0703351894
"1479",60,NA,NA,43349.0703351894
"1480",60,NA,NA,43349.0703351894
"1481",60,3095,1863,43349.0703351894
"1482",60,2949,1839,43349.0703351894
"1483",60,2160,224,43349.0703351894
"1484",60,2907,337,43349.0703351894
"1485",60,2869,429,43349.0703351894
"1486",60,NA,NA,43349.0703351894
"1487",134,NA,NA,77614.5881740488
"1488",134,605,17531,77614.5881740488
"1489",134,NA,NA,77614.5881740488
"1490",134,NA,NA,77614.5881740488
"1491",134,539,13089,77614.5881740488
"1492",134,593,16027,77614.5881740488
"1493",134,329,3811,77614.5881740488
"1494",134,415,3921,77614.5881740488
"1495",134,484,4142,77614.5881740488
"1496",134,459,4236,77614.5881740488
"1497",134,424,4471,77614.5881740488
"1498",134,623,18534,77614.5881740488
"1499",134,528,19347,77614.5881740488
"1500",134,379,17794,77614.5881740488
"1501",134,NA,NA,77614.5881740488
"1502",57,4247,134,28443.0122025766
"1503",57,4024,122,28443.0122025766
"1504",57,4070,123,28443.0122025766
"1505",57,5462,358,28443.0122025766
"1506",57,5393,453,28443.0122025766
"1507",57,4770,478,28443.0122025766
"1508",57,4415,478,28443.0122025766
"1509",57,NA,NA,28443.0122025766
"1510",57,NA,NA,28443.0122025766
"1511",57,NA,NA,28443.0122025766
"1512",57,NA,NA,28443.0122025766
"1513",57,5615,334,28443.0122025766
"1514",57,5931,334,28443.0122025766
"1515",57,3886,119,28443.0122025766
"1516",57,5113,109,28443.0122025766
"1517",38,351,249,364770.000769833
"1518",38,422,249,364770.000769833
"1519",38,445,252,364770.000769833
"1520",38,480,277,364770.000769833
"1521",38,607,287,364770.000769833
"1522",38,680,8169,364770.000769833
"1523",38,656,8145,364770.000769833
"1524",38,654,9219,364770.000769833
"1525",38,697,10772,364770.000769833
"1526",38,726,10270,364770.000769833
"1527",38,722,10079,364770.000769833
"1528",38,NA,NA,364770.000769833
"1529",38,NA,NA,364770.000769833
"1530",38,NA,NA,364770.000769833
"1531",38,NA,NA,364770.000769833
"1532",6,51810,65475,225.058101089462
"1533",6,50339,72992,225.058101089462
"1534",6,53627,64369,225.058101089462
"1535",6,49248,64751,225.058101089462
"1536",6,50930,69456,225.058101089462
"1537",6,52082,58446,225.058101089462
"1538",6,44750,47530,225.058101089462
"1539",6,45753,45978,225.058101089462
"1540",6,NA,NA,225.058101089462
"1541",6,NA,NA,225.058101089462
"1542",6,NA,NA,225.058101089462
"1543",6,NA,NA,225.058101089462
"1544",6,NA,NA,225.058101089462
"1545",6,41384,64286,225.058101089462
"1546",6,56430,69611,225.058101089462
"1547",6,50669,63910,225.058101089462
"1548",9,27867,11947,721792.019433233
"1549",9,33260,12846,721792.019433233
"1550",9,37640,17722,721792.019433233
"1551",9,39191,17651,721792.019433233
"1552",9,NA,NA,721792.019433233
"1553",9,NA,NA,721792.019433233
"1554",9,NA,NA,721792.019433233
"1555",9,NA,NA,721792.019433233
"1556",9,26322,10478,721792.019433233
"1557",9,32314,11335,721792.019433233
"1558",9,30838,11876,721792.019433233
"1559",9,44004,18630,721792.019433233
"1560",9,41952,17651,721792.019433233
"1561",9,38492,18511,721792.019433233
"1562",9,40233,18105,721792.019433233
"1563",195,1333,47,704368.436812818
"1564",195,1498,74,704368.436812818
"1565",195,1459,61,704368.436812818
"1566",195,1535,83,704368.436812818
"1567",195,1676,1576,704368.436812818
"1568",195,1777,1862,704368.436812818
"1569",195,1851,2126,704368.436812818
"1570",195,1975,2173,704368.436812818
"1571",195,2096,2197,704368.436812818
"1572",195,2151,2150,704368.436812818
"1573",195,NA,NA,704368.436812818
"1574",195,NA,NA,704368.436812818
"1575",195,NA,NA,704368.436812818
"1576",195,NA,NA,704368.436812818
"1577",195,1228,53,704368.436812818
"1578",113,267,97,22558.1553487781
"1579",113,302,94,22558.1553487781
"1580",113,388,1481,22558.1553487781
"1581",113,390,2102,22558.1553487781
"1582",113,415,2412,22558.1553487781
"1583",113,NA,NA,22558.1553487781
"1584",113,NA,NA,22558.1553487781
"1585",113,367,100,22558.1553487781
"1586",113,430,2412,22558.1553487781
"1587",113,363,2365,22558.1553487781
"1588",113,364,2508,22558.1553487781
"1589",113,NA,NA,22558.1553487781
"1590",113,NA,NA,22558.1553487781
"1591",113,360,131,22558.1553487781
"1592",113,353,105,22558.1553487781
"1593",161,1819,145821,298653.722835559
"1594",161,2213,140643,298653.722835559
"1595",161,2730,253248,298653.722835559
"1596",161,1754,138459,298653.722835559
"1597",161,2311,166061,298653.722835559
"1598",161,2508,258360,298653.722835559
"1599",161,2730,265238,298653.722835559
"1600",161,3222,252818,298653.722835559
"1601",161,2176,238870,298653.722835559
"1602",161,2966,254801,298653.722835559
"1603",161,NA,NA,298653.722835559
"1604",161,NA,NA,298653.722835559
"1605",161,NA,NA,298653.722835559
"1606",161,NA,NA,298653.722835559
"1607",161,1015,151075,298653.722835559
"1608",40,NA,NA,28980.1031693057
"1609",40,NA,NA,28980.1031693057
"1610",108,72830,222438,269952.813971712
"1611",108,84914,222377,269952.813971712
"1612",108,96683,227487,269952.813971712
"1613",108,79903,223327,269952.813971712
"1614",108,87611,216583,269952.813971712
"1615",108,100765,198409,269952.813971712
"1616",108,102066,204476,269952.813971712
"1617",108,103586,194253,269952.813971712
"1618",108,97142,194850,269952.813971712
"1619",108,74361,205766,269952.813971712
"1620",108,70617,208226,269952.813971712
"1621",108,NA,NA,269952.813971712
"1622",108,NA,NA,269952.813971712
"1623",108,NA,NA,269952.813971712
"1624",108,NA,NA,269952.813971712
"1625",147,14405,59689,1087.60238904074
"1626",147,16377,58377,1087.60238904074
"1627",147,23484,60425,1087.60238904074
"1628",147,18169,63930,1087.60238904074
"1629",147,20923,71019,1087.60238904074
"1630",147,22984,70077,1087.60238904074
"1631",147,23385,71988,1087.60238904074
"1632",147,21929,75260,1087.60238904074
"1633",147,20458,74066,1087.60238904074
"1634",147,16627,83142,1087.60238904074
"1635",147,14277,80706,1087.60238904074
"1636",147,NA,NA,1087.60238904074
"1637",147,NA,NA,1087.60238904074
"1638",147,NA,NA,1087.60238904074
"1639",147,NA,NA,1087.60238904074
"1640",41,NA,NA,45934.1741718687
"1641",41,928,40082,45934.1741718687
"1642",41,905,39818,45934.1741718687
"1643",41,950,40375,45934.1741718687
"1644",41,1008,40567,45934.1741718687
"1645",41,1202,52666,45934.1741718687
"1646",41,1201,53024,45934.1741718687
"1647",41,1238,47984,45934.1741718687
"1648",41,1342,57084,45934.1741718687
"1649",41,1413,57681,45934.1741718687
"1650",41,1462,58231,45934.1741718687
"1651",41,847,39363,45934.1741718687
"1652",41,NA,NA,45934.1741718687
"1653",41,NA,NA,45934.1741718687
"1654",41,NA,NA,45934.1741718687
"1655",205,5670,315,376512.429910135
"1656",205,6473,342,376512.429910135
"1657",205,6683,335,376512.429910135
"1658",205,7355,361,376512.429910135
"1659",205,13134,860,376512.429910135
"1660",205,13680,931,376512.429910135
"1661",205,NA,NA,376512.429910135
"1662",205,8374,644,376512.429910135
"1663",205,9452,740,376512.429910135
"1664",205,10472,740,376512.429910135
"1665",205,12594,740,376512.429910135
"1666",205,NA,NA,376512.429910135
"1667",205,NA,NA,376512.429910135
"1668",205,NA,NA,376512.429910135
"1669",205,4998,308,376512.429910135
"1670",207,NA,NA,946658.522296562
"1671",207,NA,NA,946658.522296562
"1672",207,NA,NA,946658.522296562
"1673",207,991,2274,946658.522296562
"1674",207,885,3230,946658.522296562
"1675",207,2152,2317,946658.522296562
"1676",207,2106,2365,946658.522296562
"1677",207,1841,1576,946658.522296562
"1678",207,1221,2431,946658.522296562
"1679",207,1209,2341,946658.522296562
"1680",207,1415,683,946658.522296562
"1681",207,2863,3965,946658.522296562
"1682",207,2436,8981,946658.522296562
"1683",207,NA,NA,946658.522296562
"1684",207,2691,4013,946658.522296562
"1685",122,2967,4776,149753.498138895
"1686",122,2510,4739,149753.498138895
"1687",122,3103,4668,149753.498138895
"1688",122,4039,8216,149753.498138895
"1689",122,NA,NA,149753.498138895
"1690",122,NA,NA,149753.498138895
"1691",122,NA,NA,149753.498138895
"1692",122,3819,8049,149753.498138895
"1693",122,3678,8192,149753.498138895
"1694",122,4294,8001,149753.498138895
"1695",122,4713,7739,149753.498138895
"1696",122,4109,7858,149753.498138895
"1697",122,NA,NA,149753.498138895
"1698",122,2252,4623,149753.498138895
"1699",122,1770,4628,149753.498138895
"1700",157,3293,9425,1010074.15282648
"1701",157,3608,10450,1010074.15282648
"1702",157,4213,11109,1010074.15282648
"1703",157,4164,13117,1010074.15282648
"1704",157,5026,17214,1010074.15282648
"1705",157,5783,22213,1010074.15282648
"1706",157,6429,21974,1010074.15282648
"1707",157,6593,23455,1010074.15282648
"1708",157,6491,24338,1010074.15282648
"1709",157,6030,22953,1010074.15282648
"1710",157,6049,23264,1010074.15282648
"1711",157,NA,NA,1010074.15282648
"1712",157,NA,NA,1010074.15282648
"1713",157,NA,NA,1010074.15282648
"1714",157,NA,NA,1010074.15282648
"1715",205,NA,NA,342327.496422527
"1716",205,NA,NA,342327.496422527
"1717",205,1681,7302,342327.496422527
"1718",205,1928,7844,342327.496422527
"1719",205,1832,8663,342327.496422527
"1720",205,2136,9101,342327.496422527
"1721",205,2358,21066,342327.496422527
"1722",205,2588,23144,342327.496422527
"1723",205,2765,22332,342327.496422527
"1724",205,2843,23550,342327.496422527
"1725",205,2878,23861,342327.496422527
"1726",205,1399,5923,342327.496422527
"1727",205,NA,NA,342327.496422527
"1728",205,NA,NA,342327.496422527
"1729",205,2951,26416,342327.496422527
"1730",71,8944,73130,5923.3426956504
"1731",71,11227,67970,5923.3426956504
"1732",71,13883,66389,5923.3426956504
"1733",71,11428,61998,5923.3426956504
"1734",71,12479,61046,5923.3426956504
"1735",71,13725,68191,5923.3426956504
"1736",71,12986,71319,5923.3426956504
"1737",71,13760,70913,5923.3426956504
"1738",71,NA,NA,5923.3426956504
"1739",71,NA,NA,5923.3426956504
"1740",71,NA,NA,5923.3426956504
"1741",71,14237,67355,5923.3426956504
"1742",71,NA,NA,5923.3426956504
"1743",71,12332,66662,5923.3426956504
"1744",71,12475,67689,5923.3426956504
"1745",57,19151,1315,73491.1640281564
"1746",57,22751,1427,73491.1640281564
"1747",57,24789,1295,73491.1640281564
"1748",57,23035,1684,73491.1640281564
"1749",57,22503,2532,73491.1640281564
"1750",57,23108,5517,73491.1640281564
"1751",57,20559,4849,73491.1640281564
"1752",57,21429,5756,73491.1640281564
"1753",57,21930,5971,73491.1640281564
"1754",57,19141,5302,73491.1640281564
"1755",57,19750,6067,73491.1640281564
"1756",57,NA,NA,73491.1640281564
"1757",57,NA,NA,73491.1640281564
"1758",57,NA,NA,73491.1640281564
"1759",57,NA,NA,73491.1640281564
"1760",129,62920,107376,15.7044658208265
"1761",129,69167,119040,15.7044658208265
"1762",129,84813,141429,15.7044658208265
"1763",129,62528,152870,15.7044658208265
"1764",129,71510,184273,15.7044658208265
"1765",129,88861,210232,15.7044658208265
"1766",129,93352,221434,15.7044658208265
"1767",129,86853,218926,15.7044658208265
"1768",129,66347,220335,15.7044658208265
"1769",129,59324,227357,15.7044658208265
"1770",129,NA,NA,15.7044658208265
"1771",129,NA,NA,15.7044658208265
"1772",129,NA,NA,15.7044658208265
"1773",129,NA,NA,15.7044658208265
"1774",129,92633,219356,15.7044658208265
"1775",311,9048,1266546,23441.4363484724
"1776",311,8509,1207733,23441.4363484724
"1777",311,9218,1338110,23441.4363484724
"1778",311,8655,1367154,23441.4363484724
"1779",311,11560,1282458,23441.4363484724
"1780",311,NA,NA,23441.4363484724
"1781",311,NA,NA,23441.4363484724
"1782",311,6888,1254528,23441.4363484724
"1783",311,NA,NA,23441.4363484724
"1784",311,14091,1318812,23441.4363484724
"1785",311,13939,1323206,23441.4363484724
"1786",311,13280,1302522,23441.4363484724
"1787",311,NA,NA,23441.4363484724
"1788",311,10618,1320374,23441.4363484724
"1789",311,14680,1343890,23441.4363484724
"1790",132,380,4,58572.6951321089
"1791",132,469,7,58572.6951321089
"1792",132,504,9,58572.6951321089
"1793",132,526,10,58572.6951321089
"1794",132,575,1862,58572.6951321089
"1795",132,637,1934,58572.6951321089
"1796",132,645,1982,58572.6951321089
"1797",132,NA,NA,58572.6951321089
"1798",132,NA,NA,58572.6951321089
"1799",132,NA,NA,58572.6951321089
"1800",132,707,2006,58572.6951321089
"1801",132,712,2030,58572.6951321089
"1802",132,711,2054,58572.6951321089
"1803",132,NA,NA,58572.6951321089
"1804",132,322,4,58572.6951321089
"1805",184,1216,0,425327.955909257
"1806",184,1423,24,425327.955909257
"1807",184,1474,24,425327.955909257
"1808",184,1715,24,425327.955909257
"1809",184,NA,NA,425327.955909257
"1810",184,NA,NA,425327.955909257
"1811",184,NA,NA,425327.955909257
"1812",184,NA,NA,425327.955909257
"1813",184,869,1,425327.955909257
"1814",184,924,1,425327.955909257
"1815",184,1192,1,425327.955909257
"1816",184,1253,1,425327.955909257
"1817",184,1615,24,425327.955909257
"1818",184,1824,24,425327.955909257
"1819",184,1770,24,425327.955909257
"1820",87,14855,580285,2531.26380297924
"1821",87,16051,558670,2531.26380297924
"1822",87,19714,583815,2531.26380297924
"1823",87,16013,533208,2531.26380297924
"1824",87,19327,543496,2531.26380297924
"1825",87,24116,589090,2531.26380297924
"1826",87,25946,621238,2531.26380297924
"1827",87,20653,682407,2531.26380297924
"1828",87,19817,671921,2531.26380297924
"1829",87,NA,NA,2531.26380297924
"1830",87,NA,NA,2531.26380297924
"1831",87,NA,NA,2531.26380297924
"1832",87,NA,NA,2531.26380297924
"1833",87,25962,610801,2531.26380297924
"1834",87,24575,618706,2531.26380297924
"1835",151,1078,2150,75105.8953898972
"1836",151,913,1911,75105.8953898972
"1837",151,808,12,75105.8953898972
"1838",151,NA,NA,75105.8953898972
"1839",151,1023,2197,75105.8953898972
"1840",151,1072,1791,75105.8953898972
"1841",151,1050,1839,75105.8953898972
"1842",151,NA,NA,75105.8953898972
"1843",151,NA,NA,75105.8953898972
"1844",151,948,1576,75105.8953898972
"1845",151,NA,NA,75105.8953898972
"1846",151,998,17,75105.8953898972
"1847",151,1094,11,75105.8953898972
"1848",151,948,12,75105.8953898972
"1849",151,1015,17,75105.8953898972
"1850",217,11523,NA,341853.56078136
"1851",217,11597,NA,341853.56078136
"1852",217,11597,NA,341853.56078136
"1853",217,10759,NA,341853.56078136
"1854",217,9356,NA,341853.56078136
"1855",217,10635,0,341853.56078136
"1856",217,11706,0,341853.56078136
"1857",217,15217,0,341853.56078136
"1858",217,NA,NA,341853.56078136
"1859",217,NA,NA,341853.56078136
"1860",217,NA,NA,341853.56078136
"1861",217,NA,NA,341853.56078136
"1862",217,15565,0,341853.56078136
"1863",217,14691,0,341853.56078136
"1864",217,12224,0,341853.56078136
"1865",217,14401,0,341853.56078136
"1866",193,633,1242,171464.661318497
"1867",193,809,1242,171464.661318497
"1868",193,357,0,171464.661318497
"1869",193,399,2,171464.661318497
"1870",193,708,1266,171464.661318497
"1871",193,NA,NA,171464.661318497
"1872",193,NA,NA,171464.661318497
"1873",193,NA,NA,171464.661318497
"1874",193,435,8,171464.661318497
"1875",193,448,11,171464.661318497
"1876",193,500,1242,171464.661318497
"1877",193,453,8,171464.661318497
"1878",193,582,1290,171464.661318497
"1879",193,497,1290,171464.661318497
"1880",193,NA,NA,171464.661318497
"1881",47,23816,2017,21719.4299021635
"1882",47,27352,2080,21719.4299021635
"1883",47,23352,2076,21719.4299021635
"1884",47,19385,2001,21719.4299021635
"1885",47,21517,3439,21719.4299021635
"1886",47,24577,2068,21719.4299021635
"1887",47,NA,NA,21719.4299021635
"1888",47,NA,NA,21719.4299021635
"1889",47,24856,3774,21719.4299021635
"1890",47,NA,NA,21719.4299021635
"1891",47,23161,3559,21719.4299021635
"1892",47,24099,3392,21719.4299021635
"1893",47,22374,3535,21719.4299021635
"1894",47,NA,NA,21719.4299021635
"1895",47,20760,3654,21719.4299021635
"1896",47,24099,3392,21719.4299021635
"1897",215,NA,NA,233939.681398435
"1898",215,NA,NA,233939.681398435
"1899",215,1265,NA,233939.681398435
"1900",215,1240,NA,233939.681398435
"1901",215,1367,72,233939.681398435
"1902",215,1913,72,233939.681398435
"1903",215,1804,72,233939.681398435
"1904",215,1892,72,233939.681398435
"1905",215,NA,NA,233939.681398435
"1906",215,980,NA,233939.681398435
"1907",215,1195,NA,233939.681398435
"1908",215,NA,NA,233939.681398435
"1909",215,1776,72,233939.681398435
"1910",215,1912,72,233939.681398435
"1911",215,1618,72,233939.681398435
"1912",192,111,NA,24277.7907798587
"1913",192,108,3057,24277.7907798587
"1914",192,128,3057,24277.7907798587
"1915",192,NA,NA,24277.7907798587
"1916",192,214,NA,24277.7907798587
"1917",192,133,2986,24277.7907798587
"1918",192,102,3081,24277.7907798587
"1919",192,96,3081,24277.7907798587
"1920",192,92,3248,24277.7907798587
"1921",192,NA,NA,24277.7907798587
"1922",192,275,1,24277.7907798587
"1923",192,279,1,24277.7907798587
"1924",192,284,1,24277.7907798587
"1925",192,NA,NA,24277.7907798587
"1926",192,NA,NA,24277.7907798587
"1927",18,5335,132499,61212.9268103665
"1928",18,NA,NA,61212.9268103665
"1929",18,NA,NA,61212.9268103665
"1930",18,6036,133726,61212.9268103665
"1931",18,5705,135094,61212.9268103665
"1932",18,5815,134151,61212.9268103665
"1933",18,NA,NA,61212.9268103665
"1934",18,NA,NA,61212.9268103665
"1935",18,7586,167144,61212.9268103665
"1936",18,6936,167168,61212.9268103665
"1937",18,7295,136342,61212.9268103665
"1938",18,8019,164445,61212.9268103665
"1939",18,6433,169819,61212.9268103665
"1940",18,5741,168362,61212.9268103665
"1941",18,5274,163800,61212.9268103665
"1942",181,1717,NA,50040.3416185835
"1943",181,957,1767,50040.3416185835
"1944",181,NA,NA,50040.3416185835
"1945",181,1128,7667,50040.3416185835
"1946",181,1045,5183,50040.3416185835
"1947",181,NA,NA,50040.3416185835
"1948",181,1374,8049,50040.3416185835
"1949",181,NA,NA,50040.3416185835
"1950",181,534,6138,50040.3416185835
"1951",181,NA,NA,50040.3416185835
"1952",11,32132,33964,55313.8547584051
"1953",11,28997,34943,55313.8547584051
"1954",11,29685,36018,55313.8547584051
"1955",11,29597,34203,55313.8547584051
"1956",11,25816,32674,55313.8547584051
"1957",11,25816,32674,55313.8547584051
"1958",11,26695,33223,55313.8547584051
"1959",11,NA,NA,55313.8547584051
"1960",11,NA,NA,55313.8547584051
"1961",11,28074,16181,55313.8547584051
"1962",11,33120,15779,55313.8547584051
"1963",11,NA,NA,55313.8547584051
"1964",11,NA,NA,55313.8547584051
"1965",11,30999,17885,55313.8547584051
"1966",11,36139,15086,55313.8547584051
"1967",11,32762,15475,55313.8547584051
"1968",215,1404,399,510744.657086675
"1969",215,1593,340,510744.657086675
"1970",215,1991,356,510744.657086675
"1971",215,2042,336,510744.657086675
"1972",215,2388,492,510744.657086675
"1973",215,3910,4036,510744.657086675
"1974",215,NA,NA,510744.657086675
"1975",215,NA,NA,510744.657086675
"1976",215,2828,4299,510744.657086675
"1977",215,3159,4395,510744.657086675
"1978",215,3892,4323,510744.657086675
"1979",215,NA,NA,510744.657086675
"1980",215,NA,NA,510744.657086675
"1981",215,3848,4275,510744.657086675
"1982",215,2816,4132,510744.657086675
"1983",125,NA,NA,60440.9803365507
"1984",125,NA,NA,60440.9803365507
"1985",125,NA,NA,60440.9803365507
"1986",125,NA,NA,60440.9803365507
"1987",125,1417,24177,60440.9803365507
"1988",125,1422,23462,60440.9803365507
"1989",125,1385,24260,60440.9803365507
"1990",125,1513,23673,60440.9803365507
"1991",125,1519,35039,60440.9803365507
"1992",125,1150,17549,60440.9803365507
"1993",125,2058,15716,60440.9803365507
"1994",125,2094,17388,60440.9803365507
"1995",125,1393,14713,60440.9803365507
"1996",125,1838,16289,60440.9803365507
"1997",125,1438,16050,60440.9803365507
"1998",216,5871,931,43949.4730124718
"1999",216,NA,NA,43949.4730124718
"2000",216,NA,NA,43949.4730124718
"2001",216,NA,NA,43949.4730124718
"2002",216,7450,744,43949.4730124718
"2003",216,NA,NA,43949.4730124718
"2004",216,6855,738,43949.4730124718
"2005",216,8725,955,43949.4730124718
"2006",216,5199,738,43949.4730124718
"2007",216,5753,738,43949.4730124718
"2008",216,9565,955,43949.4730124718
"2009",216,9378,1075,43949.4730124718
"2010",216,9826,1003,43949.4730124718
"2011",216,8321,865,43949.4730124718
"2012",216,8349,1051,43949.4730124718
"2013",131,43904,11625,13581.0713090099
"2014",131,53260,12118,13581.0713090099
"2015",131,55657,12288,13581.0713090099
"2016",131,46148,11076,13581.0713090099
"2017",131,52053,11772,13581.0713090099
"2018",131,59595,32841,13581.0713090099
"2019",131,57182,35684,13581.0713090099
"2020",131,60566,34633,13581.0713090099
"2021",131,59221,34155,13581.0713090099
"2022",131,50998,33630,13581.0713090099
"2023",131,52297,34537,13581.0713090099
"2024",131,NA,NA,13581.0713090099
"2025",131,NA,NA,13581.0713090099
"2026",131,NA,NA,13581.0713090099
"2027",131,NA,NA,13581.0713090099
"2028",53,54153,5261,125746.897452489
"2029",53,63112,5606,125746.897452489
"2030",53,72069,5691,125746.897452489
"2031",53,69679,5648,125746.897452489
"2032",53,74233,5565,125746.897452489
"2033",53,87967,12253,125746.897452489
"2034",53,83290,12659,125746.897452489
"2035",53,84854,12874,125746.897452489
"2036",53,86174,13184,125746.897452489
"2037",53,81648,12157,125746.897452489
"2038",53,79609,11536,125746.897452489
"2039",53,NA,NA,125746.897452489
"2040",53,NA,NA,125746.897452489
"2041",53,NA,NA,125746.897452489
"2042",53,NA,NA,125746.897452489
"2043",16,1761,27321,38455.3405795348
"2044",16,2059,25454,38455.3405795348
"2045",16,2583,24815,38455.3405795348
"2046",16,2573,24665,38455.3405795348
"2047",16,2808,28672,38455.3405795348
"2048",16,2462,25222,38455.3405795348
"2049",16,1896,13543,38455.3405795348
"2050",16,1606,7548,38455.3405795348
"2051",16,1775,5661,38455.3405795348
"2052",16,1515,4681,38455.3405795348
"2053",16,1203,4228,38455.3405795348
"2054",16,NA,NA,38455.3405795348
"2055",16,NA,NA,38455.3405795348
"2056",16,NA,NA,38455.3405795348
"2057",16,NA,NA,38455.3405795348
"2058",183,47,1519,77075.6139286881
"2059",183,523,1573,77075.6139286881
"2060",183,NA,NA,77075.6139286881
"2061",183,NA,NA,77075.6139286881
"2062",183,NA,NA,77075.6139286881
"2063",183,709,1489,77075.6139286881
"2064",183,669,1505,77075.6139286881
"2065",183,740,1512,77075.6139286881
"2066",183,835,1529,77075.6139286881
"2067",183,953,1672,77075.6139286881
"2068",183,1036,1720,77075.6139286881
"2069",183,1105,1839,77075.6139286881
"2070",183,919,1959,77075.6139286881
"2071",183,796,3248,77075.6139286881
"2072",183,NA,NA,77075.6139286881
"2073",144,817,20135,70071.6167392442
"2074",144,933,21233,70071.6167392442
"2075",144,948,22165,70071.6167392442
"2076",144,870,22881,70071.6167392442
"2077",144,881,23694,70071.6167392442
"2078",144,369,528,70071.6167392442
"2079",144,538,782,70071.6167392442
"2080",144,662,802,70071.6167392442
"2081",144,673,898,70071.6167392442
"2082",144,686,1009,70071.6167392442
"2083",144,720,19442,70071.6167392442
"2084",144,NA,NA,70071.6167392442
"2085",144,NA,NA,70071.6167392442
"2086",144,NA,NA,70071.6167392442
"2087",144,NA,NA,70071.6167392442
"2088",161,3966,38378,208190.024663926
"2089",161,4384,41439,208190.024663926
"2090",161,4224,46139,208190.024663926
"2091",161,5102,51037,208190.024663926
"2092",161,5512,70603,208190.024663926
"2093",161,5887,74759,208190.024663926
"2094",161,6270,72514,208190.024663926
"2095",161,5942,74926,208190.024663926
"2096",161,5815,69958,208190.024663926
"2097",161,5911,78413,208190.024663926
"2098",161,NA,NA,208190.024663926
"2099",161,NA,NA,208190.024663926
"2100",161,NA,NA,208190.024663926
"2101",161,NA,NA,208190.024663926
"2102",161,3352,40263,208190.024663926
"2103",188,3099,7418,118372.324642181
"2104",188,3905,7418,118372.324642181
"2105",188,2274,7408,118372.324642181
"2106",188,2862,7421,118372.324642181
"2107",188,4226,7447,118372.324642181
"2108",188,NA,NA,118372.324642181
"2109",188,5008,4036,118372.324642181
"2110",188,4362,4013,118372.324642181
"2111",188,3333,3392,118372.324642181
"2112",188,5224,4251,118372.324642181
"2113",188,2131,2890,118372.324642181
"2114",188,NA,NA,118372.324642181
"2115",188,NA,NA,118372.324642181
"2116",188,2500,3511,118372.324642181
"2117",188,NA,NA,118372.324642181
"2118",191,390,8,23180.3463039225
"2119",191,434,8,23180.3463039225
"2120",191,529,8,23180.3463039225
"2121",191,515,8,23180.3463039225
"2122",191,503,8,23180.3463039225
"2123",191,570,2436,23180.3463039225
"2124",191,587,2508,23180.3463039225
"2125",191,610,2580,23180.3463039225
"2126",191,632,2651,23180.3463039225
"2127",191,563,2699,23180.3463039225
"2128",191,585,2795,23180.3463039225
"2129",191,NA,NA,23180.3463039225
"2130",191,NA,NA,23180.3463039225
"2131",191,NA,NA,23180.3463039225
"2132",191,NA,NA,23180.3463039225
"2133",203,14092,38233,152047.996880747
"2134",203,15957,48021,152047.996880747
"2135",203,19726,46656,152047.996880747
"2136",203,15964,48211,152047.996880747
"2137",203,15495,49311,152047.996880747
"2138",203,17660,40508,152047.996880747
"2139",203,17365,39863,152047.996880747
"2140",203,18240,39959,152047.996880747
"2141",203,20131,39720,152047.996880747
"2142",203,19056,37666,152047.996880747
"2143",203,17646,33606,152047.996880747
"2144",203,NA,NA,152047.996880747
"2145",203,NA,NA,152047.996880747
"2146",203,NA,NA,152047.996880747
"2147",203,NA,NA,152047.996880747
"2148",45,3383,5662,35748.5004093983
"2149",45,3787,6840,35748.5004093983
"2150",45,4317,6442,35748.5004093983
"2151",45,4134,6559,35748.5004093983
"2152",45,4143,6967,35748.5004093983
"2153",45,4266,7452,35748.5004093983
"2154",45,4150,7380,35748.5004093983
"2155",45,4263,7118,35748.5004093983
"2156",45,4272,6544,35748.5004093983
"2157",45,3815,6210,35748.5004093983
"2158",45,3657,6019,35748.5004093983
"2159",45,NA,NA,35748.5004093983
"2160",45,NA,NA,35748.5004093983
"2161",45,NA,NA,35748.5004093983
"2162",45,NA,NA,35748.5004093983
"2163",41,7736,19938,24499.9559795356
"2164",41,9312,20906,24499.9559795356
"2165",41,10379,22751,24499.9559795356
"2166",41,8627,23720,24499.9559795356
"2167",41,10135,25450,24499.9559795356
"2168",41,10605,32125,24499.9559795356
"2169",41,10661,30620,24499.9559795356
"2170",41,10972,32292,24499.9559795356
"2171",41,12127,31122,24499.9559795356
"2172",41,10985,31384,24499.9559795356
"2173",41,10863,35588,24499.9559795356
"2174",41,NA,NA,24499.9559795356
"2175",41,NA,NA,24499.9559795356
"2176",41,NA,NA,24499.9559795356
"2177",41,NA,NA,24499.9559795356
"2178",33,4393,50502,3363.98069986177
"2179",33,5725,65372,3363.98069986177
"2180",33,4060,44632,3363.98069986177
"2181",33,NA,NA,3363.98069986177
"2182",33,NA,NA,3363.98069986177
"2183",33,NA,NA,3363.98069986177
"2184",33,6798,68143,3363.98069986177
"2185",33,7987,76670,3363.98069986177
"2186",33,7962,78102,3363.98069986177
"2187",33,6478,81375,3363.98069986177
"2188",33,6389,77147,3363.98069986177
"2189",33,NA,NA,3363.98069986177
"2190",33,3807,72169,3363.98069986177
"2191",33,4398,74922,3363.98069986177
"2192",33,3364,65817,3363.98069986177
"2193",159,628,14211,66639.3962946696
"2194",159,610,14761,66639.3962946696
"2195",159,NA,NA,66639.3962946696
"2196",159,NA,NA,66639.3962946696
"2197",159,371,107,66639.3962946696
"2198",159,540,121,66639.3962946696
"2199",159,631,126,66639.3962946696
"2200",159,614,110,66639.3962946696
"2201",159,636,103,66639.3962946696
"2202",159,670,9458,66639.3962946696
"2203",159,702,9507,66639.3962946696
"2204",159,704,9507,66639.3962946696
"2205",159,720,13686,66639.3962946696
"2206",159,NA,NA,66639.3962946696
"2207",159,NA,NA,66639.3962946696
"2208",83,2299,66475,7326.28733326379
"2209",83,3188,64673,7326.28733326379
"2210",83,4049,64738,7326.28733326379
"2211",83,2627,61514,7326.28733326379
"2212",83,3066,60635,7326.28733326379
"2213",83,3697,83907,7326.28733326379
"2214",83,4010,84886,7326.28733326379
"2215",83,4163,85459,7326.28733326379
"2216",83,2974,76574,7326.28733326379
"2217",83,2038,60953,7326.28733326379
"2218",83,2099,63485,7326.28733326379
"2219",83,NA,NA,7326.28733326379
"2220",83,NA,NA,7326.28733326379
"2221",83,NA,NA,7326.28733326379
"2222",83,NA,NA,7326.28733326379
"2223",131,45556,189953,457.186431741273
"2224",131,NA,NA,457.186431741273
"2225",131,NA,NA,457.186431741273
"2226",131,NA,NA,457.186431741273
"2227",131,44489,190478,457.186431741273
"2228",131,46403,191880,457.186431741273
"2229",131,32850,173630,457.186431741273
"2230",131,33886,181405,457.186431741273
"2231",131,38930,194659,457.186431741273
"2232",131,40444,202183,457.186431741273
"2233",131,43049,209993,457.186431741273
"2234",131,44443,216203,457.186431741273
"2235",131,39122,231251,457.186431741273
"2236",131,37622,251791,457.186431741273
"2237",131,NA,NA,457.186431741273
"2238",0,40960,176535,117264.643082861
"2239",0,48602,167140,117264.643082861
"2240",0,45519,159523,117264.643082861
"2241",0,37421,147423,117264.643082861
"2242",0,38796,139257,117264.643082861
"2243",0,41518,128857,117264.643082861
"2244",0,41650,116055,117264.643082861
"2245",0,42423,108842,117264.643082861
"2246",0,46494,107576,117264.643082861
"2247",0,44124,117655,117264.643082861
"2248",0,40249,118659,117264.643082861
"2249",0,NA,NA,117264.643082861
"2250",0,NA,NA,117264.643082861
"2251",0,NA,NA,117264.643082861
"2252",0,NA,NA,117264.643082861
"2253",109,46048,1481792,195377.567156159
"2254",109,47657,1495053,195377.567156159
"2255",109,47997,1533332,195377.567156159
"2256",109,46588,1523156,195377.567156159
"2257",109,47925,1559291,195377.567156159
"2258",109,49277,1786209,195377.567156159
"2259",109,50907,8726597,195377.567156159
"2260",109,52392,1873722,195377.567156159
"2261",109,54852,1996298,195377.567156159
"2262",109,56640,2006473,195377.567156159
"2263",109,57808,1902933,195377.567156159
"2264",109,NA,NA,195377.567156159
"2265",109,NA,NA,195377.567156159
"2266",109,NA,NA,195377.567156159
"2267",109,NA,NA,195377.567156159
"2268",65,5879,309,6855.76958518975
"2269",65,7013,694,6855.76958518975
"2270",65,9068,388,6855.76958518975
"2271",65,9065,455,6855.76958518975
"2272",65,11531,733,6855.76958518975
"2273",65,13961,2006,6855.76958518975
"2274",65,14727,1959,6855.76958518975
"2275",65,16351,2245,6855.76958518975
"2276",65,16738,2699,6855.76958518975
"2277",65,15525,3009,6855.76958518975
"2278",65,15221,3009,6855.76958518975
"2279",65,NA,NA,6855.76958518975
"2280",65,NA,NA,6855.76958518975
"2281",65,NA,NA,6855.76958518975
"2282",65,NA,NA,6855.76958518975
"2283",78,660,64073,17898.0517019367
"2284",78,838,65577,17898.0517019367
"2285",78,1097,68040,17898.0517019367
"2286",78,1236,66545,17898.0517019367
"2287",78,1423,60443,17898.0517019367
"2288",78,1618,57323,17898.0517019367
"2289",78,1977,54146,17898.0517019367
"2290",78,2081,55866,17898.0517019367
"2291",78,2176,55985,17898.0517019367
"2292",78,1801,56893,17898.0517019367
"2293",78,NA,NA,17898.0517019367
"2294",78,NA,NA,17898.0517019367
"2295",78,NA,NA,17898.0517019367
"2296",78,2155,50970,17898.0517019367
"2297",78,NA,NA,17898.0517019367
"2298",192,2393,0,428026.41606002
"2299",192,2697,1,428026.41606002
"2300",192,2643,1,428026.41606002
"2301",192,2966,1,428026.41606002
"2302",192,2039,0,428026.41606002
"2303",192,NA,NA,428026.41606002
"2304",192,3155,24,428026.41606002
"2305",192,3165,24,428026.41606002
"2306",192,3148,24,428026.41606002
"2307",192,3276,24,428026.41606002
"2308",192,3097,24,428026.41606002
"2309",192,NA,NA,428026.41606002
"2310",192,NA,NA,428026.41606002
"2311",192,2899,24,428026.41606002
"2312",192,NA,NA,428026.41606002
"2313",203,6748,190961,682622.651866734
"2314",203,8330,177323,682622.651866734
"2315",203,11223,198197,682622.651866734
"2316",203,11525,191524,682622.651866734
"2317",203,13559,186138,682622.651866734
"2318",203,10728,195471,682622.651866734
"2319",203,12729,191387,682622.651866734
"2320",203,12213,184293,682622.651866734
"2321",203,11819,178179,682622.651866734
"2322",203,11054,175241,682622.651866734
"2323",203,9230,161245,682622.651866734
"2324",203,NA,NA,682622.651866734
"2325",203,NA,NA,682622.651866734
"2326",203,NA,NA,682622.651866734
"2327",203,NA,NA,682622.651866734
"2328",140,1716,68214,135500.076592621
"2329",140,1868,68955,135500.076592621
"2330",140,2012,71057,135500.076592621
"2331",140,2065,72681,135500.076592621
"2332",140,2171,68788,135500.076592621
"2333",140,NA,NA,135500.076592621
"2334",140,NA,NA,135500.076592621
"2335",140,NA,NA,135500.076592621
"2336",140,NA,NA,135500.076592621
"2337",140,820,54791,135500.076592621
"2338",140,1043,52481,135500.076592621
"2339",140,1102,57523,135500.076592621
"2340",140,1302,57425,135500.076592621
"2341",140,1507,67020,135500.076592621
"2342",140,774,53036,135500.076592621
"2343",115,NA,NA,6727.70094218011
"2344",115,NA,NA,6727.70094218011
"2345",115,1273,16194,6727.70094218011
"2346",115,999,4108,6727.70094218011
"2347",115,920,1552,6727.70094218011
"2348",115,NA,NA,6727.70094218011
"2349",115,NA,NA,6727.70094218011
"2350",76,908,884,36100.9141401782
"2351",76,953,851,36100.9141401782
"2352",76,1175,832,36100.9141401782
"2353",76,998,893,36100.9141401782
"2354",76,1225,970,36100.9141401782
"2355",76,1408,7930,36100.9141401782
"2356",76,1463,8216,36100.9141401782
"2357",76,1540,8646,36100.9141401782
"2358",76,1738,8933,36100.9141401782
"2359",76,1319,9196,36100.9141401782
"2360",76,1270,9960,36100.9141401782
"2361",76,NA,NA,36100.9141401782
"2362",76,NA,NA,36100.9141401782
"2363",76,NA,NA,36100.9141401782
"2364",76,NA,NA,36100.9141401782
"2365",63,480,2591,26096.1814990471
"2366",63,473,2595,26096.1814990471
"2367",63,430,2047,26096.1814990471
"2368",63,633,2160,26096.1814990471
"2369",63,721,2337,26096.1814990471
"2370",63,820,8885,26096.1814990471
"2371",63,903,9339,26096.1814990471
"2372",63,953,10079,26096.1814990471
"2373",63,1027,11512,26096.1814990471
"2374",63,1019,10724,26096.1814990471
"2375",63,998,9076,26096.1814990471
"2376",63,NA,NA,26096.1814990471
"2377",63,NA,NA,26096.1814990471
"2378",63,NA,NA,26096.1814990471
"2379",63,NA,NA,26096.1814990471
